"file","spp_name","file_binomial","aou","english_common_name","family","genus","species","binomial","old_genus","new_binomial","matched_filename","species_code","climate_vol","phylo_name","WJSpecID","Scientific","PatchClade","Hackett_FineClades","Hackett_CoarseClades","English","FileName","2010 IUCN Red List category","Taxo","BLFamilyLatin","BLFamilyEnglish","FamSequID","IOCOrder","PassNonPass","OscSubOsc"
"Corvus_brachyrhynchos_22705990.shp","Corvus_brachyrhynchos","Corvus brachyrhynchos",4880,"American Crow","Corvidae","Corvus","brachyrhynchos","Corvus brachyrhynchos",NA,NA,"Corvus_brachyrhynchos","amecro",1.56796752154847,"Corvus_brachyrhynchos",8093,"Corvus brachyrhynchos","CC8","Shrikes, Monarchs, Drongos, Fantails, Birds Of Paradise, Crows, Jays, Allies","Cuckoo-Shrikes, Helmetshrikes, Shrike-Flycatchers, Vangas, Whipbirds, Shrike-Thrushes, Whistlers, Shrikes, Monarchs, Vireos, Orioles, Drongos, Fantails, Birds Of Paradise, Crows, Jays, Allies","American Crow","bow08093","LC","BL3","Corvidae","Crows and jays",147,"PASSERIFORMES","PASSERIFORMES","Passeri"
"Corvus_ossifragus_22705993.shp","Corvus_ossifragus","Corvus ossifragus",4900,"Fish Crow","Corvidae","Corvus","ossifragus","Corvus ossifragus",NA,NA,"Corvus_ossifragus","fiscro",0.245113085762428,"Corvus_ossifragus",8094,"Corvus ossifragus","CC8","Shrikes, Monarchs, Drongos, Fantails, Birds Of Paradise, Crows, Jays, Allies","Cuckoo-Shrikes, Helmetshrikes, Shrike-Flycatchers, Vangas, Whipbirds, Shrike-Thrushes, Whistlers, Shrikes, Monarchs, Vireos, Orioles, Drongos, Fantails, Birds Of Paradise, Crows, Jays, Allies","Fish Crow","bow08094","LC","BL3","Corvidae","Crows and jays",147,"PASSERIFORMES","PASSERIFORMES","Passeri"
"Tachycineta_bicolor_22712057.shp","Tachycineta_bicolor","Tachycineta bicolor",6140,"Tree Swallow","Hirundinidae","Tachycineta","bicolor","Tachycineta bicolor",NA,NA,"Tachycineta_bicolor","treswa",1.16320504786043,"Tachycineta_bicolor",9992,"Tachycineta bicolor","S6","Swallows, Martins","Swallows, Martins","Tree Swallow","bow09992","LC","BL3","Hirundinidae","Swallows and martins",156,"PASSERIFORMES","PASSERIFORMES","Passeri"
"Tachycineta_thalassina_22712077.shp","Tachycineta_thalassina","Tachycineta thalassina",6150,"Violet-green Swallow","Hirundinidae","Tachycineta","thalassina","Tachycineta thalassina",NA,NA,"Tachycineta_thalassina","vigswa",3.05118107726414,"Tachycineta_thalassina",9999,"Tachycineta thalassina","S6","Swallows, Martins","Swallows, Martins","Violet-green Swallow","bow09999","LC","BL3","Hirundinidae","Swallows and martins",156,"PASSERIFORMES","PASSERIFORMES","Passeri"
"Stelgidopteryx_serripennis_22735128.shp","Stelgidopteryx_serripennis","Stelgidopteryx serripennis",6170,"Northern Rough-winged Swallow","Hirundinidae","Stelgidopteryx","serripennis","Stelgidopteryx serripennis",NA,NA,"Stelgidopteryx_serripennis","nrwswa",2.37693119799965,"Stelgidopteryx_serripennis",10039,"Stelgidopteryx serripennis","S6","Swallows, Martins","Swallows, Martins","Northern Rough-winged Swallow","bow10039","LC","BL3","Hirundinidae","Swallows and martins",156,"PASSERIFORMES","PASSERIFORMES","Passeri"
"Parus_carolinensis_22711708.shp","Parus_carolinensis","Parus carolinensis",7360,"Carolina Chickadee","Paridae","Poecile","carolinensis","Poecile carolinensis","Parus","Parus carolinensis","Parus_carolinensis","carchi",0.249859924966821,"Parus_carolinensis",9879,"Parus carolinensis","S2","Tits, Chickadees, Penduline-Tits, Allies","Tits, Chickadees, Penduline-Tits, Allies","Carolina Chickadee","bow09879","LC","BL3","Paridae","Tits and chickadees",154,"PASSERIFORMES","PASSERIFORMES","Passeri"
"Parus_atricapillus_22711716.shp","Parus_atricapillus","Parus atricapillus",7350,"Black-capped Chickadee","Paridae","Poecile","atricapillus","Poecile atricapillus","Parus","Parus atricapillus","Parus_atricapillus","bkcchi",1.04224357514199,"Parus_atricapillus",9881,"Parus atricapillus","S2","Tits, Chickadees, Penduline-Tits, Allies","Tits, Chickadees, Penduline-Tits, Allies","Black-capped Chickadee","bow09881","LC","BL3","Paridae","Tits and chickadees",154,"PASSERIFORMES","PASSERIFORMES","Passeri"
"Parus_gambeli_22711724.shp","Parus_gambeli","Parus gambeli",7380,"Mountain Chickadee","Paridae","Poecile","gambeli","Poecile gambeli","Parus","Parus gambeli","Parus_gambeli","mouchi",1.3597766101563,"Parus_gambeli",9882,"Parus gambeli","S2","Tits, Chickadees, Penduline-Tits, Allies","Tits, Chickadees, Penduline-Tits, Allies","Mountain Chickadee","bow09882","LC","BL3","Paridae","Tits and chickadees",154,"PASSERIFORMES","PASSERIFORMES","Passeri"
"Parus_rufescens_22711767.shp","Parus_rufescens","Parus rufescens",7410,"Chestnut-backed Chickadee","Paridae","Poecile","rufescens","Poecile rufescens","Parus","Parus rufescens","Parus_rufescens","chbchi",1.90955273456317,"Parus_rufescens",9889,"Parus rufescens","S2","Tits, Chickadees, Penduline-Tits, Allies","Tits, Chickadees, Penduline-Tits, Allies","Chestnut-backed Chickadee","bow09889","LC","BL3","Paridae","Tits and chickadees",154,"PASSERIFORMES","PASSERIFORMES","Passeri"
"Baeolophus_bicolor_22711983.shp","Baeolophus_bicolor","Baeolophus bicolor",7310,"Tufted Titmouse","Paridae","Baeolophus","bicolor","Baeolophus bicolor",NA,NA,"Baeolophus_bicolor","tuftit",0.326361508157226,"Baeolophus_bicolor",9954,"Baeolophus bicolor","S2","Tits, Chickadees, Penduline-Tits, Allies","Tits, Chickadees, Penduline-Tits, Allies","Tufted Titmouse","bow09954","LC","BL3","Paridae","Tits and chickadees",154,"PASSERIFORMES","PASSERIFORMES","Passeri"
"Baeolophus_atricristatus_22711989.shp","Baeolophus_atricristatus","Baeolophus atricristatus",7320,"Black-crested Titmouse","Paridae","Baeolophus","atricristatus","Baeolophus atricristatus",NA,NA,"Baeolophus_atricristatus","blctit4",0.795119031885107,"Baeolophus_atricristatus",9955,"Baeolophus atricristatus","S2","Tits, Chickadees, Penduline-Tits, Allies","Tits, Chickadees, Penduline-Tits, Allies","Black-crested Titmouse","bow09955","LC","BL3","Paridae","Tits and chickadees",154,"PASSERIFORMES","PASSERIFORMES","Passeri"
"Auriparus_flaviceps_22711568.shp","Auriparus_flaviceps","Auriparus flaviceps",7460,"Verdin","Remizidae","Auriparus","flaviceps","Auriparus flaviceps",NA,NA,"Auriparus_flaviceps","verdin",1.26272012461272,"Auriparus_flaviceps",9793,"Auriparus flaviceps","S2","Tits, Chickadees, Penduline-Tits, Allies","Tits, Chickadees, Penduline-Tits, Allies","Verdin","bow09793","LC","BL3","Remizidae","Penduline-tits",155,"PASSERIFORMES","PASSERIFORMES","Passeri"
"Psaltriparus_minimus_22712028.shp","Psaltriparus_minimus","Psaltriparus minimus",7430,"Bushtit","Aegithalidae","Psaltriparus","minimus","Psaltriparus minimus",NA,NA,"Psaltriparus_minimus","bushti",3.12371121538254,"Psaltriparus_minimus",9976,"Psaltriparus minimus","S7S8","Leaf-Warblers, Bush-Warblers, Long-tailed Tits","Leaf-Warblers, Bush-Warblers, Long-tailed Tits","Bushtit","bow09976","LC","BL3","Aegithalidae","Long-tailed Tits",157,"PASSERIFORMES","PASSERIFORMES","Passeri"
"Sitta_canadensis_22711196.shp","Sitta_canadensis","Sitta canadensis",7280,"Red-breasted Nuthatch","Sittidae","Sitta","canadensis","Sitta canadensis",NA,NA,"Sitta_canadensis","rebnut",1.27895009124658,"Sitta_canadensis",9634,"Sitta canadensis","M1","Wrens, Gnatcatchers, Nuthatches, Wallcreeper, Treecreepers","Wrens, Gnatcatchers, Nuthatches, Wallcreeper, Treecreepers","Red-breasted Nuthatch","bow09634","LC","BL3","Sittidae","Nuthatches and Wallcreeper",173,"PASSERIFORMES","PASSERIFORMES","Passeri"
"Sitta_carolinensis_22711202.shp","Sitta_carolinensis","Sitta carolinensis",7270,"White-breasted Nuthatch","Sittidae","Sitta","carolinensis","Sitta carolinensis",NA,NA,"Sitta_carolinensis","whbnut",1.95009842547892,"Sitta_carolinensis",9636,"Sitta carolinensis","M1","Wrens, Gnatcatchers, Nuthatches, Wallcreeper, Treecreepers","Wrens, Gnatcatchers, Nuthatches, Wallcreeper, Treecreepers","White-breasted Nuthatch","bow09636","LC","BL3","Sittidae","Nuthatches and Wallcreeper",173,"PASSERIFORMES","PASSERIFORMES","Passeri"
"Sitta_pusilla_22711173.shp","Sitta_pusilla","Sitta pusilla",7290,"Brown-headed Nuthatch","Sittidae","Sitta","pusilla","Sitta pusilla",NA,NA,"Sitta_pusilla","bnhnut",0.106123613785136,"Sitta_pusilla",9628,"Sitta pusilla","M1","Wrens, Gnatcatchers, Nuthatches, Wallcreeper, Treecreepers","Wrens, Gnatcatchers, Nuthatches, Wallcreeper, Treecreepers","Brown-headed Nuthatch","bow09628","LC","BL3","Sittidae","Nuthatches and Wallcreeper",173,"PASSERIFORMES","PASSERIFORMES","Passeri"
"Salpinctes_obsoletus_22711332.shp","Salpinctes_obsoletus","Salpinctes obsoletus",7150,"Rock Wren","Troglodytidae","Salpinctes","obsoletus","Salpinctes obsoletus",NA,NA,"Salpinctes_obsoletus","rocwre",2.43875193418708,"Salpinctes_obsoletus",9687,"Salpinctes obsoletus","M1","Wrens, Gnatcatchers, Nuthatches, Wallcreeper, Treecreepers","Wrens, Gnatcatchers, Nuthatches, Wallcreeper, Treecreepers","Rock Wren","bow09687","LC","BL3","Troglodytidae","Wrens",162,"PASSERIFORMES","PASSERIFORMES","Passeri"
"Troglodytes_hiemalis_22714246.shp","Troglodytes_hiemalis","Troglodytes hiemalis",7222,"Winter Wren","Troglodytidae","Troglodytes","hiemalis","Troglodytes hiemalis",NA,NA,"Troglodytes_hiemalis","winwre3",0.272631986603244,"Troglodytes_troglodytes",9750,"Troglodytes troglodytes","M1","Wrens, Gnatcatchers, Nuthatches, Wallcreeper, Treecreepers","Wrens, Gnatcatchers, Nuthatches, Wallcreeper, Treecreepers","Winter Wren","bow09750","LC","BL3","Troglodytidae","Wrens",162,"PASSERIFORMES","PASSERIFORMES","Passeri"
"Cistothorus_palustris_22711374.shp","Cistothorus_palustris","Cistothorus palustris",7250,"Marsh Wren","Troglodytidae","Cistothorus","palustris","Cistothorus palustris",NA,NA,"Cistothorus_palustris","marwre",1.09529768320215,"Cistothorus_palustris",9708,"Cistothorus palustris","M1","Wrens, Gnatcatchers, Nuthatches, Wallcreeper, Treecreepers","Wrens, Gnatcatchers, Nuthatches, Wallcreeper, Treecreepers","Marsh Wren","bow09708","LC","BL3","Troglodytidae","Wrens",162,"PASSERIFORMES","PASSERIFORMES","Passeri"
"Thryothorus_ludovicianus_22711450.shp","Thryothorus_ludovicianus","Thryothorus ludovicianus",7180,"Carolina Wren","Troglodytidae","Thryothorus","ludovicianus","Thryothorus ludovicianus",NA,NA,"Thryothorus_ludovicianus","carwre",0.469575342728183,"Thryothorus_ludovicianus",9735,"Thryothorus ludovicianus","M1","Wrens, Gnatcatchers, Nuthatches, Wallcreeper, Treecreepers","Wrens, Gnatcatchers, Nuthatches, Wallcreeper, Treecreepers","Carolina Wren","bow09735","LC","BL3","Troglodytidae","Wrens",162,"PASSERIFORMES","PASSERIFORMES","Passeri"
"Thryomanes_bewickii_22711377.shp","Thryomanes_bewickii","Thryomanes bewickii",7190,"Bewick's Wren","Troglodytidae","Thryomanes","bewickii","Thryomanes bewickii",NA,NA,"Thryomanes_bewickii","bewwre",1.80777419029867,"Thryomanes_bewickii",9713,"Thryomanes bewickii","M1","Wrens, Gnatcatchers, Nuthatches, Wallcreeper, Treecreepers","Wrens, Gnatcatchers, Nuthatches, Wallcreeper, Treecreepers","Bewick's Wren","bow09713","LC","BL3","Troglodytidae","Wrens",162,"PASSERIFORMES","PASSERIFORMES","Passeri"
"Campylorhynchus_brunneicapillus_22711287.shp","Campylorhynchus_brunneicapillus","Campylorhynchus brunneicapillus",7130,"Cactus Wren","Troglodytidae","Campylorhynchus","brunneicapillus","Campylorhynchus brunneicapillus",NA,NA,"Campylorhynchus_brunneicapillus","cacwre",1.4516680258073,"Campylorhynchus_brunneicapillus",9671,"Campylorhynchus brunneicapillus","M1","Wrens, Gnatcatchers, Nuthatches, Wallcreeper, Treecreepers","Wrens, Gnatcatchers, Nuthatches, Wallcreeper, Treecreepers","Cactus Wren","bow09671","LC","BL3","Troglodytidae","Wrens",162,"PASSERIFORMES","PASSERIFORMES","Passeri"
"Polioptila_caerulea_22711581.shp","Polioptila_caerulea","Polioptila caerulea",7510,"Blue-gray Gnatcatcher","Polioptilidae","Polioptila","caerulea","Polioptila caerulea",NA,NA,"Polioptila_caerulea","buggna",1.96245052679455,"Polioptila_caerulea",9801,"Polioptila caerulea","M1","Wrens, Gnatcatchers, Nuthatches, Wallcreeper, Treecreepers","Wrens, Gnatcatchers, Nuthatches, Wallcreeper, Treecreepers","Blue-grey Gnatcatcher","bow09801","LC","BL3","Polioptilidae","Gnatcatchers",172,"PASSERIFORMES","PASSERIFORMES","Passeri"
"Regulus_satrapa_22712594.shp","Regulus_satrapa","Regulus satrapa",7480,"Golden-crowned Kinglet","Regulidae","Regulus","satrapa","Regulus satrapa",NA,NA,"Regulus_satrapa","gockin",1.28220870432579,"Regulus_satrapa",10163,"Regulus satrapa","Regulus","Goldcrests, Kinglets","Goldcrests, Kinglets","Golden-crowned Kinglet","bow10163","LC","BL3","Reguliidae","Goldcrests and kinglets",166,"PASSERIFORMES","PASSERIFORMES","Passeri"
"Sialia_sialis_22708550.shp","Sialia_sialis","Sialia sialis",7660,"Eastern Bluebird","Turdidae","Sialia","sialis","Sialia sialis",NA,NA,"Sialia_sialis","easblu",0.940138191610142,"Sialia_sialis",8871,"Sialia sialis","M5","Thrushes","Thrushes, Dippers, Chats, Old World Flycatchers","Eastern Bluebird","bow08871","LC","BL3","Turdidae","Thrushes",178,"PASSERIFORMES","PASSERIFORMES","Passeri"
"Sialia_currucoides_22708556.shp","Sialia_currucoides","Sialia currucoides",7680,"Mountain Bluebird","Turdidae","Sialia","currucoides","Sialia currucoides",NA,NA,"Sialia_currucoides","moublu",0.876762211692033,"Sialia_currucoides",8873,"Sialia currucoides","M5","Thrushes","Thrushes, Dippers, Chats, Old World Flycatchers","Mountain Bluebird","bow08873","LC","BL3","Turdidae","Thrushes",178,"PASSERIFORMES","PASSERIFORMES","Passeri"
"Myadestes_townsendi_22708587.shp","Myadestes_townsendi","Myadestes townsendi",7540,"Townsend's Solitaire","Turdidae","Myadestes","townsendi","Myadestes townsendi",NA,NA,"Myadestes_townsendi","towsol",1.90520954039319,"Myadestes_townsendi",8880,"Myadestes townsendi","M5","Thrushes","Thrushes, Dippers, Chats, Old World Flycatchers","Townsend's Solitaire","bow08880","LC","BL3","Turdidae","Thrushes",178,"PASSERIFORMES","PASSERIFORMES","Passeri"
"Catharus_ustulatus_22708664.shp","Catharus_ustulatus","Catharus ustulatus",7580,"Swainson's Thrush","Turdidae","Catharus","ustulatus","Catharus ustulatus",NA,NA,"Catharus_ustulatus","swathr",0.841920275504825,"Catharus_ustulatus",8906,"Catharus ustulatus","M5","Thrushes","Thrushes, Dippers, Chats, Old World Flycatchers","Swainson's Thrush","bow08906","LC","BL3","Turdidae","Thrushes",178,"PASSERIFORMES","PASSERIFORMES","Passeri"
"Hylocichla_mustelina_22708670.shp","Hylocichla_mustelina","Hylocichla mustelina",7550,"Wood Thrush","Turdidae","Hylocichla","mustelina","Hylocichla mustelina",NA,NA,"Hylocichla_mustelina","woothr",0.466647486660351,"Hylocichla_mustelina",8910,"Hylocichla mustelina","M5","Thrushes","Thrushes, Dippers, Chats, Old World Flycatchers","Wood Thrush","bow08910","LC","BL3","Turdidae","Thrushes",178,"PASSERIFORMES","PASSERIFORMES","Passeri"
"Turdus_migratorius_22708958.shp","Turdus_migratorius","Turdus migratorius",7610,"American Robin","Turdidae","Turdus","migratorius","Turdus migratorius",NA,NA,"Turdus_migratorius","amerob",1.98688040847101,"Turdus_migratorius",9007,"Turdus migratorius","M5","Thrushes","Thrushes, Dippers, Chats, Old World Flycatchers","American Robin","bow09007","LC","BL3","Turdidae","Thrushes",178,"PASSERIFORMES","PASSERIFORMES","Passeri"
"Dumetella_carolinensis_22711013.shp","Dumetella_carolinensis","Dumetella carolinensis",7040,"Gray Catbird","Mimidae","Dumetella","carolinensis","Dumetella carolinensis",NA,NA,"Dumetella_carolinensis","grycat",1.12863653205645,"Dumetella_carolinensis",9557,"Dumetella carolinensis","M4","Mockingbirds, Thrashers, Philippine Creepers, Starlings","Mockingbirds, Thrashers, Philippine Creepers, Starlings","Grey Catbird","bow09557","LC","BL3","Mimidae","Mockingbirds and thrashers",175,"PASSERIFORMES","PASSERIFORMES","Passeri"
"Toxostoma_rufum_22711099.shp","Toxostoma_rufum","Toxostoma rufum",7050,"Brown Thrasher","Mimidae","Toxostoma","rufum","Toxostoma rufum",NA,NA,"Toxostoma_rufum","brnthr",0.710483859888351,"Toxostoma_rufum",9583,"Toxostoma rufum","M4","Mockingbirds, Thrashers, Philippine Creepers, Starlings","Mockingbirds, Thrashers, Philippine Creepers, Starlings","Brown Thrasher","bow09583","LC","BL3","Mimidae","Mockingbirds and thrashers",175,"PASSERIFORMES","PASSERIFORMES","Passeri"
"Oreoscoptes_montanus_22711096.shp","Oreoscoptes_montanus","Oreoscoptes montanus",7020,"Sage Thrasher","Mimidae","Oreoscoptes","montanus","Oreoscoptes montanus",NA,NA,"Oreoscoptes_montanus","sagthr",0.609944377094329,"Oreoscoptes_montanus",9579,"Oreoscoptes montanus","M4","Mockingbirds, Thrashers, Philippine Creepers, Starlings","Mockingbirds, Thrashers, Philippine Creepers, Starlings","Sage Thrasher","bow09579","LC","BL3","Mimidae","Mockingbirds and thrashers",175,"PASSERIFORMES","PASSERIFORMES","Passeri"
"Mimus_polyglottos_22711026.shp","Mimus_polyglottos","Mimus polyglottos",7030,"Northern Mockingbird","Mimidae","Mimus","polyglottos","Mimus polyglottos",NA,NA,"Mimus_polyglottos","normoc",2.25389710161741,"Mimus_polyglottos",9564,"Mimus polyglottos","M4","Mockingbirds, Thrashers, Philippine Creepers, Starlings","Mockingbirds, Thrashers, Philippine Creepers, Starlings","Northern Mockingbird","bow09564","LC","BL3","Mimidae","Mockingbirds and thrashers",175,"PASSERIFORMES","PASSERIFORMES","Passeri"
"Bombycilla_cedrorum_22708153.shp","Bombycilla_cedrorum","Bombycilla cedrorum",6190,"Cedar Waxwing","Bombycillidae","Bombycilla","cedrorum","Bombycilla cedrorum",NA,NA,"Bombycilla_cedrorum","cedwax",0.987321255466881,"Bombycilla_cedrorum",8768,"Bombycilla cedrorum","M2","Waxwings, Allies","Waxwings, Allies","Cedar Waxwing","bow08768","LC","BL3","Bombycillidae","Waxwings",152,"PASSERIFORMES","PASSERIFORMES","Passeri"
"Carpodacus_mexicanus_22720563.shp","Carpodacus_mexicanus","Carpodacus mexicanus",5190,"House Finch","Fringillidae","Haemorhous","mexicanus","Haemorhous mexicanus","Carpodacus","Carpodacus mexicanus","Carpodacus_mexicanus","houfin",2.4170801622802,"Carpodacus_mexicanus",12369,"Carpodacus mexicanus","P10","Finches, Allies","Finches, Allies","House Finch","bow12369","LC","BL3","Fringillidae","Finches and Hawaiian honeycreepers",188,"PASSERIFORMES","PASSERIFORMES","Passeri"
"Carpodacus_purpureus_22720553.shp","Carpodacus_purpureus","Carpodacus purpureus",5170,"Purple Finch","Fringillidae","Haemorhous","purpureus","Haemorhous purpureus","Carpodacus","Carpodacus purpureus","Carpodacus_purpureus","purfin",0.817898502712286,"Carpodacus_purpureus",12367,"Carpodacus purpureus","P10","Finches, Allies","Finches, Allies","Purple Finch","bow12367","LC","BL3","Fringillidae","Finches and Hawaiian honeycreepers",188,"PASSERIFORMES","PASSERIFORMES","Passeri"
"Carpodacus_cassinii_22720560.shp","Carpodacus_cassinii","Carpodacus cassinii",5180,"Cassin's Finch","Fringillidae","Haemorhous","cassinii","Haemorhous cassinii","Carpodacus","Carpodacus cassinii","Carpodacus_cassinii","casfin",0.68809931824266,"Carpodacus_cassinii",12368,"Carpodacus cassinii","P10","Finches, Allies","Finches, Allies","Cassin's Finch","bow12368","NT","BL3","Fringillidae","Finches and Hawaiian honeycreepers",188,"PASSERIFORMES","PASSERIFORMES","Passeri"
"Carduelis_pinus_22720359.shp","Carduelis_pinus","Carduelis pinus",5330,"Pine Siskin","Fringillidae","Spinus","pinus","Spinus pinus","Carduelis","Carduelis pinus","Carduelis_pinus","pinsis",1.69515853245487,"Carduelis_pinus",12318,"Carduelis pinus","P10","Finches, Allies","Finches, Allies","Pine Siskin","bow12318","LC","BL3","Fringillidae","Finches and Hawaiian honeycreepers",188,"PASSERIFORMES","PASSERIFORMES","Passeri"
"Carduelis_psaltria_22720410.shp","Carduelis_psaltria","Carduelis psaltria",5300,"Lesser Goldfinch","Fringillidae","Spinus","psaltria","Spinus psaltria","Carduelis","Carduelis psaltria","Carduelis_psaltria","lesgol",3.1725713048586,"Carduelis_psaltria",12333,"Carduelis psaltria","P10","Finches, Allies","Finches, Allies","Lesser Goldfinch","bow12333","LC","BL3","Fringillidae","Finches and Hawaiian honeycreepers",188,"PASSERIFORMES","PASSERIFORMES","Passeri"
"Carduelis_tristis_22720407.shp","Carduelis_tristis","Carduelis tristis",5290,"American Goldfinch","Fringillidae","Spinus","tristis","Spinus tristis","Carduelis","Carduelis tristis","Carduelis_tristis","amegfi",1.21840206001428,"Carduelis_tristis",12332,"Carduelis tristis","P10","Finches, Allies","Finches, Allies","American Goldfinch","bow12332","LC","BL3","Fringillidae","Finches and Hawaiian honeycreepers",188,"PASSERIFORMES","PASSERIFORMES","Passeri"
"Coccothraustes_vespertinus_22720702.shp","Coccothraustes_vespertinus","Coccothraustes vespertinus",5140,"Evening Grosbeak","Fringillidae","Coccothraustes","vespertinus","Coccothraustes vespertinus",NA,NA,"Coccothraustes_vespertinus","evegro",1.28414344498691,"Coccothraustes_vespertinus",12417,"Coccothraustes vespertinus","P10","Finches, Allies","Finches, Allies","Evening Grosbeak","bow12417","LC","BL3","Fringillidae","Finches and Hawaiian honeycreepers",188,"PASSERIFORMES","PASSERIFORMES","Passeri"
"Calcarius_ornatus_22721040.shp","Calcarius_ornatus","Calcarius ornatus",5380,"Chestnut-collared Longspur","Calcariidae","Calcarius","ornatus","Calcarius ornatus",NA,NA,"Calcarius_ornatus","chclon",0.125824648445849,"Calcarius_ornatus",12507,"Calcarius ornatus","P11","Longspurs, Allies","Longspurs, Allies","Chestnut-collared Longspur","bow12507","NT","BL3","Emberizidae","Buntings, American sparrows and allies",192,"PASSERIFORMES","PASSERIFORMES","Passeri"
"Helmitheros_vermivorum_22721768.shp","Helmitheros_vermivorum","Helmitheros vermivorum",6390,"Worm-eating Warbler","Parulidae","Helmitheros","vermivorum","Helmitheros vermivorum",NA,NA,"Helmitheros_vermivorum","woewar1",0.224259667564358,"Helmitheros_vermivorum",12722,"Helmitheros vermivorum","P20a","New World Warblers","New World warblers, New World Blackbirds, Buntings, American Sparrows, Allies","Worm-eating Warbler","bow12722","LC","BL3","Parulidae","New World warblers",171,"PASSERIFORMES","PASSERIFORMES","Passeri"
"Parkesia_motacilla_22721803.shp","Parkesia_motacilla","Parkesia motacilla",6760,"Louisiana Waterthrush","Parulidae","Parkesia","motacilla","Parkesia motacilla",NA,NA,"Parkesia_motacilla","louwat",0.245681822271599,"Seiurus_motacilla",12727,"Seiurus motacilla","P20a","New World Warblers","New World warblers, New World Blackbirds, Buntings, American Sparrows, Allies","Louisiana Waterthrush","bow12727","LC","BL3","Parulidae","New World warblers",171,"PASSERIFORMES","PASSERIFORMES","Passeri"
"Vermivora_chrysoptera_22721618.shp","Vermivora_chrysoptera","Vermivora chrysoptera",6420,"Golden-winged Warbler","Parulidae","Vermivora","chrysoptera","Vermivora chrysoptera",NA,NA,"Vermivora_chrysoptera","gowwar",0.175486827843669,"Vermivora_chrysoptera",12669,"Vermivora chrysoptera","P20a","New World Warblers","New World warblers, New World Blackbirds, Buntings, American Sparrows, Allies","Golden-winged Warbler","bow12669","NT","BL3","Parulidae","New World warblers",171,"PASSERIFORMES","PASSERIFORMES","Passeri"
"Vermivora_cyanoptera_22721610.shp","Vermivora_cyanoptera","Vermivora cyanoptera",6410,"Blue-winged Warbler","Parulidae","Vermivora","cyanoptera","Vermivora cyanoptera",NA,NA,"Vermivora_cyanoptera","buwwar",0.14646127467959,"Vermivora_pinus",12668,"Vermivora pinus","P20a","New World Warblers","New World warblers, New World Blackbirds, Buntings, American Sparrows, Allies","Blue-winged Warbler","bow12668","LC","BL3","Parulidae","New World warblers",171,"PASSERIFORMES","PASSERIFORMES","Passeri"
"Protonotaria_citrea_22721765.shp","Protonotaria_citrea","Protonotaria citrea",6370,"Prothonotary Warbler","Parulidae","Protonotaria","citrea","Protonotaria citrea",NA,NA,"Protonotaria_citrea","prowar",0.234132714674832,"Protonotaria_citrea",12721,"Protonotaria citrea","P20a","New World Warblers","New World warblers, New World Blackbirds, Buntings, American Sparrows, Allies","Prothonotary Warbler","bow12721","LC","BL3","Parulidae","New World warblers",171,"PASSERIFORMES","PASSERIFORMES","Passeri"
"Limnothlypis_swainsonii_22721776.shp","Limnothlypis_swainsonii","Limnothlypis swainsonii",6380,"Swainson's Warbler","Parulidae","Limnothlypis","swainsonii","Limnothlypis swainsonii",NA,NA,"Limnothlypis_swainsonii","swawar",0.188826063529508,"Limnothlypis_swainsonii",12723,"Limnothlypis swainsonii","P20a","New World Warblers","New World warblers, New World Blackbirds, Buntings, American Sparrows, Allies","Swainson's Warbler","bow12723","LC","BL3","Parulidae","New World warblers",171,"PASSERIFORMES","PASSERIFORMES","Passeri"
"Vermivora_celata_22721624.shp","Vermivora_celata","Vermivora celata",6460,"Orange-crowned Warbler","Parulidae","Oreothlypis","celata","Oreothlypis celata","Vermivora","Vermivora celata","Vermivora_celata","orcwar",0.962912112356911,"Vermivora_celata",12671,"Vermivora celata","P20a","New World Warblers","New World warblers, New World Blackbirds, Buntings, American Sparrows, Allies","Orange-crowned Warbler","bow12671","LC","BL3","Parulidae","New World warblers",171,"PASSERIFORMES","PASSERIFORMES","Passeri"
"Vermivora_ruficapilla_22721627.shp","Vermivora_ruficapilla","Vermivora ruficapilla",6450,"Nashville Warbler","Parulidae","Oreothlypis","ruficapilla","Oreothlypis ruficapilla","Vermivora","Vermivora ruficapilla","Vermivora_ruficapilla","naswar",0.50009998338185,"Vermivora_ruficapilla",12672,"Vermivora ruficapilla","P20a","New World Warblers","New World warblers, New World Blackbirds, Buntings, American Sparrows, Allies","Nashville Warbler","bow12672","LC","BL3","Parulidae","New World warblers",171,"PASSERIFORMES","PASSERIFORMES","Passeri"
"Wilsonia_citrina_22721876.shp","Wilsonia_citrina","Wilsonia citrina",6840,"Hooded Warbler","Parulidae","Setophaga","citrina","Setophaga citrina","Wilsonia","Wilsonia citrina","Wilsonia_citrina","hoowar",0.30566597404421,"Wilsonia_citrina",12751,"Wilsonia citrina","P20a","New World Warblers","New World warblers, New World Blackbirds, Buntings, American Sparrows, Allies","Hooded Warbler","bow12751","LC","BL3","Parulidae","New World warblers",171,"PASSERIFORMES","PASSERIFORMES","Passeri"
"Dendroica_tigrina_22721670.shp","Dendroica_tigrina","Dendroica tigrina",6500,"Cape May Warbler","Parulidae","Setophaga","tigrina","Setophaga tigrina","Dendroica","Dendroica tigrina","Dendroica_tigrina","camwar",0.136951076823097,"Dendroica_tigrina",12690,"Dendroica tigrina","P20a","New World Warblers","New World warblers, New World Blackbirds, Buntings, American Sparrows, Allies","Cape May Warbler","bow12690","LC","BL3","Parulidae","New World warblers",171,"PASSERIFORMES","PASSERIFORMES","Passeri"
"Dendroica_cerulea_22721740.shp","Dendroica_cerulea","Dendroica cerulea",6580,"Cerulean Warbler","Parulidae","Setophaga","cerulea","Setophaga cerulea","Dendroica","Dendroica cerulea","Dendroica_cerulea","cerwar",0.170274866602817,"Dendroica_cerulea",12714,"Dendroica cerulea","P20a","New World Warblers","New World warblers, New World Blackbirds, Buntings, American Sparrows, Allies","Cerulean Warbler","bow12714","VU","BL3","Parulidae","New World warblers",171,"PASSERIFORMES","PASSERIFORMES","Passeri"
"Dendroica_magnolia_22721667.shp","Dendroica_magnolia","Dendroica magnolia",6570,"Magnolia Warbler","Parulidae","Setophaga","magnolia","Setophaga magnolia","Dendroica","Dendroica magnolia","Dendroica_magnolia","magwar",0.225727298857571,"Dendroica_magnolia",12689,"Dendroica magnolia","P20a","New World Warblers","New World warblers, New World Blackbirds, Buntings, American Sparrows, Allies","Magnolia Warbler","bow12689","LC","BL3","Parulidae","New World warblers",171,"PASSERIFORMES","PASSERIFORMES","Passeri"
"Dendroica_castanea_22721734.shp","Dendroica_castanea","Dendroica castanea",6600,"Bay-breasted Warbler","Parulidae","Setophaga","castanea","Setophaga castanea","Dendroica","Dendroica castanea","Dendroica_castanea","babwar",0.138108244500283,"Dendroica_castanea",12712,"Dendroica castanea","P20a","New World Warblers","New World warblers, New World Blackbirds, Buntings, American Sparrows, Allies","Bay-breasted Warbler","bow12712","LC","BL3","Parulidae","New World warblers",171,"PASSERIFORMES","PASSERIFORMES","Passeri"
"Dendroica_fusca_22721695.shp","Dendroica_fusca","Dendroica fusca",6620,"Blackburnian Warbler","Parulidae","Setophaga","fusca","Setophaga fusca","Dendroica","Dendroica fusca","Dendroica_fusca","bkbwar",0.195838062708102,"Dendroica_fusca",12701,"Dendroica fusca","P20a","New World Warblers","New World warblers, New World Blackbirds, Buntings, American Sparrows, Allies","Blackburnian Warbler","bow12701","LC","BL3","Parulidae","New World warblers",171,"PASSERIFORMES","PASSERIFORMES","Passeri"
"Dendroica_pensylvanica_22721664.shp","Dendroica_pensylvanica","Dendroica pensylvanica",6590,"Chestnut-sided Warbler","Parulidae","Setophaga","pensylvanica","Setophaga pensylvanica","Dendroica","Dendroica pensylvanica","Dendroica_pensylvanica","chswar",0.201834344255514,"Dendroica_pensylvanica",12688,"Dendroica pensylvanica","P20a","New World Warblers","New World warblers, New World Blackbirds, Buntings, American Sparrows, Allies","Chestnut-sided Warbler","bow12688","LC","BL3","Parulidae","New World warblers",171,"PASSERIFORMES","PASSERIFORMES","Passeri"
"Dendroica_caerulescens_22721673.shp","Dendroica_caerulescens","Dendroica caerulescens",6540,"Black-throated Blue Warbler","Parulidae","Setophaga","caerulescens","Setophaga caerulescens","Dendroica","Dendroica caerulescens","Dendroica_caerulescens","btbwar",0.207993628015423,"Dendroica_caerulescens",12691,"Dendroica caerulescens","P20a","New World Warblers","New World warblers, New World Blackbirds, Buntings, American Sparrows, Allies","Black-throated Blue Warbler","bow12691","LC","BL3","Parulidae","New World warblers",171,"PASSERIFORMES","PASSERIFORMES","Passeri"
"Dendroica_pinus_22721719.shp","Dendroica_pinus","Dendroica pinus",6710,"Pine Warbler","Parulidae","Setophaga","pinus","Setophaga pinus","Dendroica","Dendroica pinus","Dendroica_pinus","pinwar",0.598288672858358,"Dendroica_pinus",12706,"Dendroica pinus","P20a","New World Warblers","New World warblers, New World Blackbirds, Buntings, American Sparrows, Allies","Pine Warbler","bow12706","LC","BL3","Parulidae","New World warblers",171,"PASSERIFORMES","PASSERIFORMES","Passeri"
"Dendroica_dominica_22724793.shp","Dendroica_dominica","Dendroica dominica",6630,"Yellow-throated Warbler","Parulidae","Setophaga","dominica","Setophaga dominica","Dendroica","Dendroica dominica","Dendroica_dominica","yetwar",0.182675123688546,"Dendroica_dominica",12702,"Dendroica dominica","P20a","New World Warblers","New World warblers, New World Blackbirds, Buntings, American Sparrows, Allies","Yellow-throated Warbler","bow12702","LC","BL3","Parulidae","New World warblers",171,"PASSERIFORMES","PASSERIFORMES","Passeri"
"Dendroica_discolor_22721725.shp","Dendroica_discolor","Dendroica discolor",6730,"Prairie Warbler","Parulidae","Setophaga","discolor","Setophaga discolor","Dendroica","Dendroica discolor","Dendroica_discolor","prawar",0.307414505392035,"Dendroica_discolor",12709,"Dendroica discolor","P20a","New World Warblers","New World warblers, New World Blackbirds, Buntings, American Sparrows, Allies","Prairie Warbler","bow12709","LC","BL3","Parulidae","New World warblers",171,"PASSERIFORMES","PASSERIFORMES","Passeri"
"Dendroica_nigrescens_22721679.shp","Dendroica_nigrescens","Dendroica nigrescens",6650,"Black-throated Gray Warbler","Parulidae","Setophaga","nigrescens","Setophaga nigrescens","Dendroica","Dendroica nigrescens","Dendroica_nigrescens","btywar",1.68115634874361,"Dendroica_nigrescens",12696,"Dendroica nigrescens","P20a","New World Warblers","New World warblers, New World Blackbirds, Buntings, American Sparrows, Allies","Black-throated Grey Warbler","bow12696","LC","BL3","Parulidae","New World warblers",171,"PASSERIFORMES","PASSERIFORMES","Passeri"
"Dendroica_townsendi_22721683.shp","Dendroica_townsendi","Dendroica townsendi",6680,"Townsend's Warbler","Parulidae","Setophaga","townsendi","Setophaga townsendi","Dendroica","Dendroica townsendi","Dendroica_townsendi","towwar",0.940302623427523,"Dendroica_townsendi",12697,"Dendroica townsendi","P20a","New World Warblers","New World warblers, New World Blackbirds, Buntings, American Sparrows, Allies","Townsend's Warbler","bow12697","LC","BL3","Parulidae","New World warblers",171,"PASSERIFORMES","PASSERIFORMES","Passeri"
"Dendroica_virens_22721689.shp","Dendroica_virens","Dendroica virens",6670,"Black-throated Green Warbler","Parulidae","Setophaga","virens","Setophaga virens","Dendroica","Dendroica virens","Dendroica_virens","btnwar",0.317929677589715,"Dendroica_virens",12699,"Dendroica virens","P20a","New World Warblers","New World warblers, New World Blackbirds, Buntings, American Sparrows, Allies","Black-throated Green Warbler","bow12699","LC","BL3","Parulidae","New World warblers",171,"PASSERIFORMES","PASSERIFORMES","Passeri"
"Wilsonia_canadensis_22721882.shp","Wilsonia_canadensis","Wilsonia canadensis",6860,"Canada Warbler","Parulidae","Cardellina","canadensis","Cardellina canadensis","Wilsonia","Wilsonia canadensis","Wilsonia_canadensis","canwar",0.177578609151298,"Wilsonia_canadensis",12753,"Wilsonia canadensis","P20a","New World Warblers","New World warblers, New World Blackbirds, Buntings, American Sparrows, Allies","Canada Warbler","bow12753","LC","BL3","Parulidae","New World warblers",171,"PASSERIFORMES","PASSERIFORMES","Passeri"
"Wilsonia_pusilla_22721879.shp","Wilsonia_pusilla","Wilsonia pusilla",6850,"Wilson's Warbler","Parulidae","Cardellina","pusilla","Cardellina pusilla","Wilsonia","Wilsonia pusilla","Wilsonia_pusilla","wlswar",0.721065431743524,"Wilsonia_pusilla",12752,"Wilsonia pusilla","P20a","New World Warblers","New World warblers, New World Blackbirds, Buntings, American Sparrows, Allies","Wilson's Warbler","bow12752","LC","BL3","Parulidae","New World warblers",171,"PASSERIFORMES","PASSERIFORMES","Passeri"
"Icteria_virens_22722057.shp","Icteria_virens","Icteria virens",6830,"Yellow-breasted Chat","Parulidae","Icteria","virens","Icteria virens",NA,NA,"Icteria_virens","yebcha",1.67335017768987,"Icteria_virens",12799,"Icteria virens","P20a","New World Warblers","New World warblers, New World Blackbirds, Buntings, American Sparrows, Allies","Yellow-breasted Chat","bow12799","LC","BL3","Parulidae","New World warblers",171,"PASSERIFORMES","PASSERIFORMES","Passeri"
"Pipilo_chlorurus_22721304.shp","Pipilo_chlorurus","Pipilo chlorurus",5900,"Green-tailed Towhee","Emberizidae","Pipilo","chlorurus","Pipilo chlorurus",NA,NA,"Pipilo_chlorurus","gnttow",0.782470321073169,"Pipilo_chlorurus",12596,"Pipilo chlorurus","P20b","Buntings, American Sparrows, Brush-Finches","New World Warblers, New World blackbirds, Buntings, American Sparrows, Allies","Green-tailed Towhee","bow12596","LC","BL3","Emberizidae","Buntings, American sparrows and allies",192,"PASSERIFORMES","PASSERIFORMES","Passeri"
"Pipilo_maculatus_22729113.shp","Pipilo_maculatus","Pipilo maculatus",5880,"Spotted Towhee","Emberizidae","Pipilo","maculatus","Pipilo maculatus",NA,NA,"Pipilo_maculatus","spotow",1.95262558196737,"Pipilo_maculatus",12601,"Pipilo maculatus","P20b","Buntings, American Sparrows, Brush-Finches","New World Warblers, New World blackbirds, Buntings, American Sparrows, Allies","Spotted Towhee","bow12601","LC","BL3","Emberizidae","Buntings, American sparrows and allies",192,"PASSERIFORMES","PASSERIFORMES","Passeri"
"Aimophila_ruficeps_22721288.shp","Aimophila_ruficeps","Aimophila ruficeps",5800,"Rufous-crowned Sparrow","Emberizidae","Aimophila","ruficeps","Aimophila ruficeps",NA,NA,"Aimophila_ruficeps","rucspa",2.20837975753957,"Aimophila_ruficeps",12588,"Aimophila ruficeps","P20b","Buntings, American Sparrows, Brush-Finches","New World Warblers, New World blackbirds, Buntings, American Sparrows, Allies","Rufous-crowned Sparrow","bow12588","LC","BL3","Emberizidae","Buntings, American sparrows and allies",192,"PASSERIFORMES","PASSERIFORMES","Passeri"
"Peucaea_cassinii_22721272.shp","Peucaea_cassinii","Peucaea cassinii",5780,"Cassin's Sparrow","Emberizidae","Peucaea","cassinii","Peucaea cassinii",NA,NA,"Peucaea_cassinii","casspa",0.764370916303456,"Aimophila_cassinii",12586,"Aimophila cassinii","P20b","Buntings, American Sparrows, Brush-Finches","New World Warblers, New World blackbirds, Buntings, American Sparrows, Allies","Cassin's Sparrow","bow12586","LC","BL3","Emberizidae","Buntings, American sparrows and allies",192,"PASSERIFORMES","PASSERIFORMES","Passeri"
"Spizella_pallida_22721165.shp","Spizella_pallida","Spizella pallida",5610,"Clay-colored Sparrow","Emberizidae","Spizella","pallida","Spizella pallida",NA,NA,"Spizella_pallida","clcspa",0.401052835556514,"Spizella_pallida",12562,"Spizella pallida","P20b","Buntings, American Sparrows, Brush-Finches","New World Warblers, New World blackbirds, Buntings, American Sparrows, Allies","Clay-coloured Sparrow","bow12562","LC","BL3","Emberizidae","Buntings, American sparrows and allies",192,"PASSERIFORMES","PASSERIFORMES","Passeri"
"Spizella_breweri_22734705.shp","Spizella_breweri","Spizella breweri",5620,"Brewer's Sparrow","Emberizidae","Spizella","breweri","Spizella breweri",NA,NA,"Spizella_breweri","brespa",1.03799332379664,"Spizella_breweri",12564,"Spizella breweri","P20b","Buntings, American Sparrows, Brush-Finches","New World Warblers, New World blackbirds, Buntings, American Sparrows, Allies","Brewer's Sparrow","bow12564","LC","BL3","Emberizidae","Buntings, American sparrows and allies",192,"PASSERIFORMES","PASSERIFORMES","Passeri"
"Spizella_pusilla_22721179.shp","Spizella_pusilla","Spizella pusilla",5630,"Field Sparrow","Emberizidae","Spizella","pusilla","Spizella pusilla",NA,NA,"Spizella_pusilla","fiespa",0.455652547651028,"Spizella_pusilla",12565,"Spizella pusilla","P20b","Buntings, American Sparrows, Brush-Finches","New World Warblers, New World blackbirds, Buntings, American Sparrows, Allies","Field Sparrow","bow12565","LC","BL3","Emberizidae","Buntings, American sparrows and allies",192,"PASSERIFORMES","PASSERIFORMES","Passeri"
"Pooecetes_gramineus_22721188.shp","Pooecetes_gramineus","Pooecetes gramineus",5400,"Vesper Sparrow","Emberizidae","Pooecetes","gramineus","Pooecetes gramineus",NA,NA,"Pooecetes_gramineus","vesspa",0.981308741176713,"Pooecetes_gramineus",12568,"Pooecetes gramineus","P20b","Buntings, American Sparrows, Brush-Finches","New World Warblers, New World blackbirds, Buntings, American Sparrows, Allies","Vesper Sparrow","bow12568","LC","BL3","Emberizidae","Buntings, American sparrows and allies",192,"PASSERIFORMES","PASSERIFORMES","Passeri"
"Chondestes_grammacus_22721191.shp","Chondestes_grammacus","Chondestes grammacus",5520,"Lark Sparrow","Emberizidae","Chondestes","grammacus","Chondestes grammacus",NA,NA,"Chondestes_grammacus","larspa",1.05863188037567,"Chondestes_grammacus",12569,"Chondestes grammacus","P20b","Buntings, American Sparrows, Brush-Finches","New World Warblers, New World blackbirds, Buntings, American Sparrows, Allies","Lark Sparrow","bow12569","LC","BL3","Emberizidae","Buntings, American sparrows and allies",192,"PASSERIFORMES","PASSERIFORMES","Passeri"
"Amphispiza_bilineata_22721194.shp","Amphispiza_bilineata","Amphispiza bilineata",5730,"Black-throated Sparrow","Emberizidae","Amphispiza","bilineata","Amphispiza bilineata",NA,NA,"Amphispiza_bilineata","bktspa",1.6602973863738,"Amphispiza_bilineata",12570,"Amphispiza bilineata","P20b","Buntings, American Sparrows, Brush-Finches","New World Warblers, New World blackbirds, Buntings, American Sparrows, Allies","Black-throated Sparrow","bow12570","LC","BL3","Emberizidae","Buntings, American sparrows and allies",192,"PASSERIFORMES","PASSERIFORMES","Passeri"
"Calamospiza_melanocorys_22721049.shp","Calamospiza_melanocorys","Calamospiza melanocorys",6050,"Lark Bunting","Emberizidae","Calamospiza","melanocorys","Calamospiza melanocorys",NA,NA,"Calamospiza_melanocorys","larbun",0.378224313448215,"Calamospiza_melanocorys",12510,"Calamospiza melanocorys","P20b","Buntings, American Sparrows, Brush-Finches","New World Warblers, New World blackbirds, Buntings, American Sparrows, Allies","Lark Bunting","bow12510","LC","BL3","Emberizidae","Buntings, American sparrows and allies",192,"PASSERIFORMES","PASSERIFORMES","Passeri"
"Passerculus_sandwichensis_22721110.shp","Passerculus_sandwichensis","Passerculus sandwichensis",5420,"Savannah Sparrow","Emberizidae","Passerculus","sandwichensis","Passerculus sandwichensis",NA,NA,"Passerculus_sandwichensis","savspa",1.41715863121371,"Passerculus_sandwichensis",12534,"Passerculus sandwichensis","P20b","Buntings, American Sparrows, Brush-Finches","New World Warblers, New World blackbirds, Buntings, American Sparrows, Allies","Savannah Sparrow","bow12534","LC","BL3","Emberizidae","Buntings, American sparrows and allies",192,"PASSERIFORMES","PASSERIFORMES","Passeri"
"Ammodramus_savannarum_22721144.shp","Ammodramus_savannarum","Ammodramus savannarum",5460,"Grasshopper Sparrow","Emberizidae","Ammodramus","savannarum","Ammodramus savannarum",NA,NA,"Ammodramus_savannarum","graspa",0.946336722875499,"Ammodramus_savannarum",12554,"Ammodramus savannarum","P20b","Buntings, American Sparrows, Brush-Finches","New World Warblers, New World blackbirds, Buntings, American Sparrows, Allies","Grasshopper Sparrow","bow12554","LC","BL3","Emberizidae","Buntings, American sparrows and allies",192,"PASSERIFORMES","PASSERIFORMES","Passeri"
"Ammodramus_henslowii_22721138.shp","Ammodramus_henslowii","Ammodramus henslowii",5470,"Henslow's Sparrow","Emberizidae","Ammodramus","henslowii","Ammodramus henslowii",NA,NA,"Ammodramus_henslowii","henspa",0.125126027166706,"Ammodramus_henslowii",12552,"Ammodramus henslowii","P20b","Buntings, American Sparrows, Brush-Finches","New World Warblers, New World blackbirds, Buntings, American Sparrows, Allies","Henslow's Sparrow","bow12552","NT","BL3","Emberizidae","Buntings, American sparrows and allies",192,"PASSERIFORMES","PASSERIFORMES","Passeri"
"Ammodramus_maritimus_22721123.shp","Ammodramus_maritimus","Ammodramus maritimus",5500,"Seaside Sparrow","Emberizidae","Ammodramus","maritimus","Ammodramus maritimus",NA,NA,"Ammodramus_maritimus","seaspa",0.391138507692946,"Ammodramus_maritimus",12542,"Ammodramus maritimus","P20b","Buntings, American Sparrows, Brush-Finches","New World Warblers, New World blackbirds, Buntings, American Sparrows, Allies","Seaside Sparrow","bow12542","LC","BL3","Emberizidae","Buntings, American sparrows and allies",192,"PASSERIFORMES","PASSERIFORMES","Passeri"
"Melospiza_melodia_22721058.shp","Melospiza_melodia","Melospiza melodia",5810,"Song Sparrow","Emberizidae","Melospiza","melodia","Melospiza melodia",NA,NA,"Melospiza_melodia","sonspa",1.47856993868142,"Melospiza_melodia",12517,"Melospiza melodia","P20b","Buntings, American Sparrows, Brush-Finches","New World Warblers, New World blackbirds, Buntings, American Sparrows, Allies","Song Sparrow","bow12517","LC","BL3","Emberizidae","Buntings, American sparrows and allies",192,"PASSERIFORMES","PASSERIFORMES","Passeri"
"Melospiza_lincolnii_22721064.shp","Melospiza_lincolnii","Melospiza lincolnii",5830,"Lincoln's Sparrow","Emberizidae","Melospiza","lincolnii","Melospiza lincolnii",NA,NA,"Melospiza_lincolnii","linspa",0.828176332704808,"Melospiza_lincolnii",12519,"Melospiza lincolnii","P20b","Buntings, American Sparrows, Brush-Finches","New World Warblers, New World blackbirds, Buntings, American Sparrows, Allies","Lincoln's Sparrow","bow12519","LC","BL3","Emberizidae","Buntings, American sparrows and allies",192,"PASSERIFORMES","PASSERIFORMES","Passeri"
"Melospiza_georgiana_22721070.shp","Melospiza_georgiana","Melospiza georgiana",5840,"Swamp Sparrow","Emberizidae","Melospiza","georgiana","Melospiza georgiana",NA,NA,"Melospiza_georgiana","swaspa",0.436563442471213,"Melospiza_georgiana",12521,"Melospiza georgiana","P20b","Buntings, American Sparrows, Brush-Finches","New World Warblers, New World blackbirds, Buntings, American Sparrows, Allies","Swamp Sparrow","bow12521","LC","BL3","Emberizidae","Buntings, American sparrows and allies",192,"PASSERIFORMES","PASSERIFORMES","Passeri"
"Zonotrichia_albicollis_22721085.shp","Zonotrichia_albicollis","Zonotrichia albicollis",5580,"White-throated Sparrow","Emberizidae","Zonotrichia","albicollis","Zonotrichia albicollis",NA,NA,"Zonotrichia_albicollis","whtspa",0.363936853766151,"Zonotrichia_albicollis",12524,"Zonotrichia albicollis","P20b","Buntings, American Sparrows, Brush-Finches","New World Warblers, New World blackbirds, Buntings, American Sparrows, Allies","White-throated Sparrow","bow12524","LC","BL3","Emberizidae","Buntings, American sparrows and allies",192,"PASSERIFORMES","PASSERIFORMES","Passeri"
"Zonotrichia_leucophrys_22721088.shp","Zonotrichia_leucophrys","Zonotrichia leucophrys",5540,"White-crowned Sparrow","Emberizidae","Zonotrichia","leucophrys","Zonotrichia leucophrys",NA,NA,"Zonotrichia_leucophrys","whcspa",0.940840789059626,"Zonotrichia_leucophrys",12526,"Zonotrichia leucophrys","P20b","Buntings, American Sparrows, Brush-Finches","New World Warblers, New World blackbirds, Buntings, American Sparrows, Allies","White-crowned Sparrow","bow12526","LC","BL3","Emberizidae","Buntings, American sparrows and allies",192,"PASSERIFORMES","PASSERIFORMES","Passeri"
"Piranga_olivacea_22722466.shp","Piranga_olivacea","Piranga olivacea",6080,"Scarlet Tanager","Cardinalidae","Piranga","olivacea","Piranga olivacea",NA,NA,"Piranga_olivacea","scatan",0.272262113491851,"Piranga_olivacea",12915,"Piranga olivacea","P12","Cardinals, Allies","Cardinals, Allies","Scarlet Tanager","bow12915","LC","BL3","Cardinalidae","Grosbeaks, saltators and allies",194,"PASSERIFORMES","PASSERIFORMES","Passeri"
"Piranga_ludoviciana_22722471.shp","Piranga_ludoviciana","Piranga ludoviciana",6070,"Western Tanager","Cardinalidae","Piranga","ludoviciana","Piranga ludoviciana",NA,NA,"Piranga_ludoviciana","westan",1.11700110120278,"Piranga_ludoviciana",12916,"Piranga ludoviciana","P12","Cardinals, Allies","Cardinals, Allies","Western Tanager","bow12916","LC","BL3","Cardinalidae","Grosbeaks, saltators and allies",194,"PASSERIFORMES","PASSERIFORMES","Passeri"
"Cardinalis_cardinalis_22723819.shp","Cardinalis_cardinalis","Cardinalis cardinalis",5930,"Northern Cardinal","Cardinalidae","Cardinalis","cardinalis","Cardinalis cardinalis",NA,NA,"Cardinalis_cardinalis","norcar",1.09915103533359,"Cardinalis_cardinalis",13277,"Cardinalis cardinalis","P12","Cardinals, Allies","Cardinals, Allies","Northern Cardinal","bow13277","LC","BL3","Cardinalidae","Grosbeaks, saltators and allies",194,"PASSERIFORMES","PASSERIFORMES","Passeri"
"Pheucticus_ludovicianus_22723813.shp","Pheucticus_ludovicianus","Pheucticus ludovicianus",5950,"Rose-breasted Grosbeak","Cardinalidae","Pheucticus","ludovicianus","Pheucticus ludovicianus",NA,NA,"Pheucticus_ludovicianus","robgro",0.551279944566927,"Pheucticus_ludovicianus",13275,"Pheucticus ludovicianus","P12","Cardinals, Allies","Cardinals, Allies","Rose-breasted Grosbeak","bow13275","LC","BL3","Cardinalidae","Grosbeaks, saltators and allies",194,"PASSERIFORMES","PASSERIFORMES","Passeri"
"Pheucticus_melanocephalus_22723816.shp","Pheucticus_melanocephalus","Pheucticus melanocephalus",5960,"Black-headed Grosbeak","Cardinalidae","Pheucticus","melanocephalus","Pheucticus melanocephalus",NA,NA,"Pheucticus_melanocephalus","bkhgro",1.67916387375353,"Pheucticus_melanocephalus",13276,"Pheucticus melanocephalus","P12","Cardinals, Allies","Cardinals, Allies","Black-headed Grosbeak","bow13276","LC","BL3","Cardinalidae","Grosbeaks, saltators and allies",194,"PASSERIFORMES","PASSERIFORMES","Passeri"
"Passerina_caerulea_22723939.shp","Passerina_caerulea","Passerina caerulea",5970,"Blue Grosbeak","Cardinalidae","Passerina","caerulea","Passerina caerulea",NA,NA,"Passerina_caerulea","blugrb1",1.61244550940453,"Passerina_caerulea",13309,"Passerina caerulea","P12","Cardinals, Allies","Cardinals, Allies","Blue Grosbeak","bow13309","LC","BL3","Emberizidae","Buntings, American sparrows and allies",192,"PASSERIFORMES","PASSERIFORMES","Passeri"
"Passerina_amoena_22723948.shp","Passerina_amoena","Passerina amoena",5990,"Lazuli Bunting","Cardinalidae","Passerina","amoena","Passerina amoena",NA,NA,"Passerina_amoena","lazbun",0.91137881302422,"Passerina_amoena",13311,"Passerina amoena","P12","Cardinals, Allies","Cardinals, Allies","Lazuli Bunting","bow13311","LC","BL3","Emberizidae","Buntings, American sparrows and allies",192,"PASSERIFORMES","PASSERIFORMES","Passeri"
"Passerina_cyanea_22723951.shp","Passerina_cyanea","Passerina cyanea",5980,"Indigo Bunting","Cardinalidae","Passerina","cyanea","Passerina cyanea",NA,NA,"Passerina_cyanea","indbun",1.09243322648878,"Passerina_cyanea",13313,"Passerina cyanea","P12","Cardinals, Allies","Cardinals, Allies","Indigo Bunting","bow13313","LC","BL3","Emberizidae","Buntings, American sparrows and allies",192,"PASSERIFORMES","PASSERIFORMES","Passeri"
"Agelaius_phoeniceus_22724191.shp","Agelaius_phoeniceus","Agelaius phoeniceus",4980,"Red-winged Blackbird","Icteridae","Agelaius","phoeniceus","Agelaius phoeniceus",NA,NA,"Agelaius_phoeniceus","rewbla",2.2652995830801,"Agelaius_phoeniceus",13402,"Agelaius phoeniceus","P21","New World Blackbirds","New World warblers, New World Blackbirds, Buntings, American Sparrows, Allies","Red-winged Blackbird","bow13402","LC","BL3","Icteridae","New World blackbirds",190,"PASSERIFORMES","PASSERIFORMES","Passeri"
"Sturnella_magna_22735434.shp","Sturnella_magna","Sturnella magna",5010,"Eastern Meadowlark","Icteridae","Sturnella","magna","Sturnella magna",NA,NA,"Sturnella_magna","easmea",1.11948523942145,"Sturnella_magna",13416,"Sturnella magna","P21","New World Blackbirds","New World warblers, New World Blackbirds, Buntings, American Sparrows, Allies","Eastern Meadowlark","bow13416","LC","BL3","Icteridae","New World blackbirds",190,"PASSERIFORMES","PASSERIFORMES","Passeri"
"Sturnella_neglecta_22724256.shp","Sturnella_neglecta","Sturnella neglecta",5011,"Western Meadowlark","Icteridae","Sturnella","neglecta","Sturnella neglecta",NA,NA,"Sturnella_neglecta","wesmea",1.60227090939199,"Sturnella_neglecta",13420,"Sturnella neglecta","P21","New World Blackbirds","New World warblers, New World Blackbirds, Buntings, American Sparrows, Allies","Western Meadowlark","bow13420","LC","BL3","Icteridae","New World blackbirds",190,"PASSERIFORMES","PASSERIFORMES","Passeri"
"Xanthocephalus_xanthocephalus_22724169.shp","Xanthocephalus_xanthocephalus","Xanthocephalus xanthocephalus",4970,"Yellow-headed Blackbird","Icteridae","Xanthocephalus","xanthocephalus","Xanthocephalus xanthocephalus",NA,NA,"Xanthocephalus_xanthocephalus","yehbla",1.01620771390471,"Xanthocephalus_xanthocephalus",13397,"Xanthocephalus xanthocephalus","P21","New World Blackbirds","New World warblers, New World Blackbirds, Buntings, American Sparrows, Allies","Yellow-headed Blackbird","bow13397","LC","BL3","Icteridae","New World blackbirds",190,"PASSERIFORMES","PASSERIFORMES","Passeri"
"Euphagus_cyanocephalus_22724332.shp","Euphagus_cyanocephalus","Euphagus cyanocephalus",5100,"Brewer's Blackbird","Icteridae","Euphagus","cyanocephalus","Euphagus cyanocephalus",NA,NA,"Euphagus_cyanocephalus","brebla",1.18935734416665,"Euphagus_cyanocephalus",13443,"Euphagus cyanocephalus","P21","New World Blackbirds","New World warblers, New World Blackbirds, Buntings, American Sparrows, Allies","Brewer's Blackbird","bow13443","LC","BL3","Icteridae","New World blackbirds",190,"PASSERIFORMES","PASSERIFORMES","Passeri"
"Quiscalus_major_22724311.shp","Quiscalus_major","Quiscalus major",5130,"Boat-tailed Grackle","Icteridae","Quiscalus","major","Quiscalus major",NA,NA,"Quiscalus_major","botgra",0.146397020163129,"Quiscalus_major",13436,"Quiscalus major","P21","New World Blackbirds","New World warblers, New World Blackbirds, Buntings, American Sparrows, Allies","Boat-tailed Grackle","bow13436","LC","BL3","Icteridae","New World blackbirds",190,"PASSERIFORMES","PASSERIFORMES","Passeri"
"Quiscalus_mexicanus_22724308.shp","Quiscalus_mexicanus","Quiscalus mexicanus",5120,"Great-tailed Grackle","Icteridae","Quiscalus","mexicanus","Quiscalus mexicanus",NA,NA,"Quiscalus_mexicanus","grtgra",2.96737000149251,"Quiscalus_mexicanus",13435,"Quiscalus mexicanus","P21","New World Blackbirds","New World warblers, New World Blackbirds, Buntings, American Sparrows, Allies","Great-tailed Grackle","bow13435","LC","BL3","Icteridae","New World blackbirds",190,"PASSERIFORMES","PASSERIFORMES","Passeri"
"Molothrus_ater_22724354.shp","Molothrus_ater","Molothrus ater",4950,"Brown-headed Cowbird","Icteridae","Molothrus","ater","Molothrus ater",NA,NA,"Molothrus_ater","bnhcow",2.01188855665619,"Molothrus_ater",13450,"Molothrus ater","P21","New World Blackbirds","New World warblers, New World Blackbirds, Buntings, American Sparrows, Allies","Brown-headed Cowbird","bow13450","LC","BL3","Icteridae","New World blackbirds",190,"PASSERIFORMES","PASSERIFORMES","Passeri"
"Icterus_spurius_22724134.shp","Icterus_spurius","Icterus spurius",5060,"Orchard Oriole","Icteridae","Icterus","spurius","Icterus spurius",NA,NA,"Icterus_spurius","orcori",0.603817610290381,"Icterus_spurius",13384,"Icterus spurius","P21","New World Blackbirds","New World warblers, New World Blackbirds, Buntings, American Sparrows, Allies","Orchard Oriole","bow13384","LC","BL3","Icteridae","New World blackbirds",190,"PASSERIFORMES","PASSERIFORMES","Passeri"
"Icterus_bullockii_22729123.shp","Icterus_bullockii","Icterus bullockii",5080,"Bullock's Oriole","Icteridae","Icterus","bullockii","Icterus bullockii",NA,NA,"Icterus_bullockii","bulori",1.37984667241033,"Icterus_bullockii",13381,"Icterus bullockii","P21","New World Blackbirds","New World warblers, New World Blackbirds, Buntings, American Sparrows, Allies","Bullock's Oriole","bow13381","LC","BL3","Icteridae","New World blackbirds",190,"PASSERIFORMES","PASSERIFORMES","Passeri"
"Icterus_galbula_22724126.shp","Icterus_galbula","Icterus galbula",5070,"Baltimore Oriole","Icteridae","Icterus","galbula","Icterus galbula",NA,NA,"Icterus_galbula","balori",1.41036734857848,"Icterus_galbula",13379,"Icterus galbula","P21","New World Blackbirds","New World warblers, New World Blackbirds, Buntings, American Sparrows, Allies","Baltimore Oriole","bow13379","LC","BL3","Icteridae","New World blackbirds",190,"PASSERIFORMES","PASSERIFORMES","Passeri"
