"aou","max_lat_t1","max_lon_t1","min_lat_t1","min_lon_t1","total_cells_t1","area_t1","outlier_t1","outlier_denom_t1","max_lat_t2","max_lon_t2","min_lat_t2","min_lon_t2","total_cells_t2","area_t2","outlier_t2","outlier_denom_t2","file","spp_name","file_binomial","english_common_name","family","genus","species","binomial","old_genus","new_binomial","matched_filename","species_code","overlap","overlap_cells","delta_area","delta_occ"
2890,44,-70,26,-104,209,2546486239250.12,13704508563.8528,3760142398739.47,43,-76,26,-104,135,2263680121914.42,0.00530484318733215,3746437890191.28,"Colinus_virginianus_22728956.shp","Colinus_virginianus","Colinus virginianus","Northern Bobwhite","Odontophoridae","Colinus","virginianus","Colinus virginianus",NA,NA,"Colinus_virginianus",NA,0.858395838306132,220,-0.111057390759347,-0.336363636363636
3160,53,-69,26,-124,347,21106806251104,21383402458455.2,95288717317831.6,53,-62,26,-124,366,21192933624360.2,21621626974659.9,95831136112355.1,"Zenaida_macroura_22690736.shp","Zenaida_macroura","Zenaida macroura","Mourning Dove","Columbidae","Zenaida","macroura","Zenaida macroura",NA,NA,"Zenaida_macroura",NA,0.753224829253319,1014,0.0040805497635017,0.0187376725838264
3940,53,-62,27,-124,233,5037526723327.54,5237811372506.88,23540631429015.3,54,-64,27,-124,228,8375775667833.47,8697482642604.55,45145398108440.1,"Dryobates_pubescens_22681155.shp","Dryobates_pubescens","Dryobates pubescens","Downy Woodpecker","Picidae","Picoides","pubescens","Picoides pubescens","Dryobates","Dryobates pubescens","Dryobates_pubescens",NA,0.699294442217263,678,0.662676175800186,-0.00737463126843658
4050,49,-71,27,-124,117,2281609801604.42,0.00128769874572754,4677325227580.83,NA,NA,NA,NA,NA,NA,NA,NA,"Hylatomus_pileatus_22681363.shp","Hylatomus_pileatus","Hylatomus pileatus","Pileated Woodpecker","Picidae","Dryocopus","pileatus","Dryocopus pileatus","Hylatomus","Hylatomus pileatus","Hylatomus_pileatus",NA,0.789305771553097,226,NA,NA
4090,45,-74,27,-100,171,2282634046343.68,76040696731.2599,3120767596420.15,47,-70,27,-100,219,5295843647371.48,211989447677.365,6301443229854.05,"Melanerpes_carolinus_22680856.shp","Melanerpes_carolinus","Melanerpes carolinus","Red-bellied Woodpecker","Picidae","Melanerpes","carolinus","Melanerpes carolinus",NA,NA,"Melanerpes_carolinus",NA,0.990425059365452,211,1.32005811700493,0.227488151658768
4120,52,-62,27,-124,311,81131082163139.7,243041870844733,1414963176747748,53,-62,29,-124,250,55693050427985.9,166108211990124,1009279591564750,"Colaptes_auratus_22726404.shp","Colaptes_auratus","Colaptes auratus","(Yellow-shafted Flicker) Northern Flicker","Picidae","Colaptes","auratus auratus","Colaptes auratus",NA,NA,"Colaptes_auratus",NA,0.622331208489158,402,-0.313542369421408,-0.151741293532338
4230,NA,NA,NA,NA,NA,NA,NA,NA,NA,NA,NA,NA,NA,NA,NA,NA,"Chaetura_pelagica_22686709.shp","Chaetura_pelagica","Chaetura pelagica","Chimney Swift","Apodidae","Chaetura","pelagica","Chaetura pelagica",NA,NA,"Chaetura_pelagica",NA,0.515667597478663,599,NA,NA
4520,52,-70,27,-101,245,3286180126440.4,138001333240.853,5090761665223.01,50,-69,27,-100,230,3422206711037.26,155167357972.713,5107906717858.39,"Myiarchus_crinitus_22700433.shp","Myiarchus_crinitus","Myiarchus crinitus","Great Crested Flycatcher","Tyrannidae","Myiarchus","crinitus","Myiarchus crinitus",NA,NA,"Myiarchus_crinitus",NA,0.742450315060081,298,0.0413935266367189,-0.0503355704697987
4650,43,-75,30,-100,79,1649253383472.37,0.00427129864692688,3006134676437.75,NA,NA,NA,NA,NA,NA,NA,NA,"Empidonax_virescens_22699842.shp","Empidonax_virescens","Empidonax virescens","Acadian Flycatcher","Tyrannidae","Empidonax","virescens","Empidonax virescens",NA,NA,"Empidonax_virescens",NA,0.614964133126547,429,NA,NA
4770,NA,NA,NA,NA,NA,NA,NA,NA,NA,NA,NA,NA,NA,NA,NA,NA,"Cyanocitta_cristata_22705611.shp","Cyanocitta_cristata","Cyanocitta cristata","Blue Jay","Corvidae","Cyanocitta","cristata","Cyanocitta cristata",NA,NA,"Cyanocitta_cristata",NA,0.894675072136462,614,NA,NA
4880,54,-62,27,-129,322,26000109720444.4,27367426534739,135008274965626,54,-62,27,-129,325,27034594651899.5,28462635051598.7,136226329312557,"Corvus_brachyrhynchos_22705990.shp","Corvus_brachyrhynchos","Corvus brachyrhynchos","American Crow","Corvidae","Corvus","brachyrhynchos","Corvus brachyrhynchos",NA,NA,"Corvus_brachyrhynchos","amecro",0.766283328250926,646,0.039787714074208,0.00464396284829721
4950,53,-62,27,-124,346,29046550538211.6,29879750575399.9,144738407487934,54,-69,26,-124,331,36592297989336,37056710627951.4,188908545044551,"Molothrus_ater_22724354.shp","Molothrus_ater","Molothrus ater","Brown-headed Cowbird","Icteridae","Molothrus","ater","Molothrus ater",NA,NA,"Molothrus_ater","bnhcow",0.788765425648726,916,0.259781189549433,-0.0163755458515284
4980,53,-62,26,-124,358,35577179602168.1,36430686777647.8,196194116190842,54,-62,26,-124,336,35291425313536.4,36073771750590.6,195694879676924,"Agelaius_phoeniceus_22724191.shp","Agelaius_phoeniceus","Agelaius phoeniceus","Red-winged Blackbird","Icteridae","Agelaius","phoeniceus","Agelaius phoeniceus",NA,NA,"Agelaius_phoeniceus","rewbla",0.703378384205915,1291,-0.00803195452329298,-0.0170410534469404
5010,47,-65,26,-107,258,16127735501391.4,17763318871680.5,83956042709745.6,47,-76,26,-107,208,20325855854761.6,22502683159377.7,121237972280327,"Sturnella_magna_22735434.shp","Sturnella_magna","Sturnella magna","Eastern Meadowlark","Icteridae","Sturnella","magna","Sturnella magna",NA,NA,"Sturnella_magna","easmea",0.611508269913756,666,0.260304390099157,-0.0750750750750751
5060,50,-74,29,-103,162,5147548969270.21,5217217306939.87,22652279389636.7,50,-75,29,-104,160,6412216352609.24,6568013444459.34,24175119192216.6,"Icterus_spurius_22724134.shp","Icterus_spurius","Icterus spurius","Orchard Oriole","Icteridae","Icterus","spurius","Icterus spurius",NA,NA,"Icterus_spurius","orcori",0.65370257258234,1013,0.245683409888635,-0.00197433366238894
5110,53,-62,27,-113,317,14739700833952.1,16253076939866.7,74751037014457.8,NA,NA,NA,NA,NA,NA,NA,NA,"Quiscalus_quiscula_22724320.shp","Quiscalus_quiscula","Quiscalus quiscula","Common Grackle","Icteridae","Quiscalus","quiscula","Quiscalus quiscula",NA,NA,"Quiscalus_quiscula","comgra",0.84865579919672,770,NA,NA
5460,50,-74,27,-124,164,9450103120044.23,10138152187621.4,51409634673796.8,48,-75,31,-124,107,7073890733825.12,8470683383450.75,31211960871641.8,"Ammodramus_savannarum_22721144.shp","Ammodramus_savannarum","Ammodramus savannarum","Grasshopper Sparrow","Emberizidae","Ammodramus","savannarum","Ammodramus savannarum",NA,NA,"Ammodramus_savannarum","graspa",0.739494998494809,397,-0.251448302313127,-0.143576826196474
5600,53,-62,30,-124,245,24922582925829.4,27877292762182.1,138132509128175,NA,NA,NA,NA,NA,NA,NA,NA,"Spizella_passerina_22721162.shp","Spizella_passerina","Spizella passerina","Chipping Sparrow","Emberizidae","Spizella","passerina","Spizella passerina",NA,NA,"Spizella_passerina","chispa",0.65400878354677,1599,NA,NA
5630,48,-70,30,-104,200,51150730017618.3,360395014860918,3117145851581649,47,-70,30,-105,166,46132303633491.4,325347890526845,2872468420320176,"Spizella_pusilla_22721179.shp","Spizella_pusilla","Spizella pusilla","Field Sparrow","Emberizidae","Spizella","pusilla","Spizella pusilla",NA,NA,"Spizella_pusilla","fiespa",0.975676758965983,2445,-0.0981105525258067,-0.0139059304703476
5870,NA,NA,NA,NA,NA,NA,NA,NA,NA,NA,NA,NA,NA,NA,NA,NA,"Pipilo_erythrophthalmus_22721310.shp","Pipilo_erythrophthalmus","Pipilo erythrophthalmus","Eastern Towhee","Emberizidae","Pipilo","erythrophthalmus","Pipilo erythrophthalmus",NA,NA,"Pipilo_erythrophthalmus","eastow",0.991530882151112,451,NA,NA
5930,46,-70,26,-110,245,3108003254863.86,131362312417.536,4813431472476.04,46,-65,26,-110,270,3331792030511.85,210719693108.604,4892788814759.65,"Cardinalis_cardinalis_22723819.shp","Cardinalis_cardinalis","Cardinalis cardinalis","Northern Cardinal","Cardinalidae","Cardinalis","cardinalis","Cardinalis cardinalis",NA,NA,"Cardinalis_cardinalis","norcar",0.800177305561474,526,0.0720040351623742,0.0475285171102662
5970,44,-75,27,-114,130,2823137753214.45,159328828983.81,4212521699527.09,44,-75,26,-114,149,3600149594673.44,592708277756.895,4645880964579.03,"Passerina_caerulea_22723939.shp","Passerina_caerulea","Passerina caerulea","Blue Grosbeak","Cardinalidae","Passerina","caerulea","Passerina caerulea",NA,NA,"Passerina_caerulea","blugrb1",0.627131151112328,732,0.275229871646995,0.0259562841530055
5980,52,-71,30,-101,233,18559164721527.3,37926424095278.5,183451385212817,47,-71,30,-100,226,17705813498645.5,36116541232393,179521538797331,"Passerina_cyanea_22723951.shp","Passerina_cyanea","Passerina cyanea","Indigo Bunting","Cardinalidae","Passerina","cyanea","Passerina cyanea",NA,NA,"Passerina_cyanea","indbun",0.793538431695038,3224,-0.0459800446672015,-0.0021712158808933
6040,NA,NA,NA,NA,NA,NA,NA,NA,45,-83,26,-104,130,2240996646814.07,93452024384.1404,3555716889083.87,"Spiza_americana_22723796.shp","Spiza_americana","Spiza americana","Dickcissel","Cardinalidae","Spiza","americana","Spiza americana",NA,NA,"Spiza_americana","dickci",0.633483738280696,451,NA,NA
6310,42,-73,27,-100,113,6779267361270.32,13607266452072.4,78169774973406.4,41,-75,26,-101,125,11634565757338.4,23378320271188.2,123293769936008,"Vireo_griseus_22705188.shp","Vireo_griseus","Vireo griseus","White-eyed Vireo","Vireonidae","Vireo","griseus","Vireo griseus",NA,NA,"Vireo_griseus",NA,0.798896626992263,720,0.716198098898747,0.0166666666666667
6370,39,-76,30,-95,41,934860978546.719,0.00789861381053925,2172644293388.81,39,-76,30,-97,26,870213801150.173,87847497485.5106,2260492199395.5,"Protonotaria_citrea_22721765.shp","Protonotaria_citrea","Protonotaria citrea","Prothonotary Warbler","Parulidae","Protonotaria","citrea","Protonotaria citrea",NA,NA,"Protonotaria_citrea","prowar",0.603435715623709,361,-0.0691516480846623,-0.0415512465373961
6710,47,-71,27,-96,69,5719051432898.5,7818654091206.9,43700877062667.9,47,-65,28,-96,102,9656093289640.28,14553225483208.2,48109792684450.9,"Dendroica_pinus_22721719.shp","Dendroica_pinus","Dendroica pinus","Pine Warbler","Parulidae","Setophaga","pinus","Setophaga pinus","Dendroica","Dendroica pinus","Dendroica_pinus","pinwar",0.959003182278587,198,0.688408191976416,0.166666666666667
6730,42,-71,31,-95,72,961465512435.827,1149957834443.99,4599303608346.03,43,-71,31,-95,56,1087402579152.33,1318298263527.51,4852445912164.52,"Dendroica_discolor_22721725.shp","Dendroica_discolor","Dendroica discolor","Prairie Warbler","Parulidae","Setophaga","discolor","Setophaga discolor","Dendroica","Dendroica discolor","Dendroica_discolor","prawar",0.870063135325875,195,0.130984486793964,-0.0820512820512821
6810,NA,NA,NA,NA,NA,NA,NA,NA,NA,NA,NA,NA,NA,NA,NA,NA,"Geothlypis_trichas_22721836.shp","Geothlypis_trichas","Geothlypis trichas","Common Yellowthroat","Parulidae","Geothlypis","trichas","Geothlypis trichas",NA,NA,"Geothlypis_trichas","comyel",0.656809912805208,743,NA,NA
6830,47,-75,30,-124,128,3810409326881.59,0.000914812088012695,5603212778390.37,NA,NA,NA,NA,NA,NA,NA,NA,"Icteria_virens_22722057.shp","Icteria_virens","Icteria virens","Yellow-breasted Chat","Parulidae","Icteria","virens","Icteria virens",NA,NA,"Icteria_virens","yebcha",0.735308274917353,531,NA,NA
7030,43,-70,26,-122,201,3671517781831.47,0.00287711620330811,8385905852194.52,43,-72,26,-122,201,3216235761656.79,0.00287711620330811,8385905852194.52,"Mimus_polyglottos_22711026.shp","Mimus_polyglottos","Mimus polyglottos","Northern Mockingbird","Mimidae","Mimus","polyglottos","Mimus polyglottos",NA,NA,"Mimus_polyglottos","normoc",0.811781960978807,692,-0.124003762811023,0
7040,53,-62,31,-120,236,12036046727031.9,12452443021583.1,67164713578560.5,53,-65,31,-120,202,11830384179909.9,12225769728529.2,66896018790011.2,"Dumetella_carolinensis_22711013.shp","Dumetella_carolinensis","Dumetella carolinensis","Gray Catbird","Mimidae","Dumetella","carolinensis","Dumetella carolinensis",NA,NA,"Dumetella_carolinensis","grycat",0.856580486034694,1051,-0.0170872174050436,-0.0323501427212179
7050,52,-65,27,-109,268,15028163036960.5,15448569343706.5,83319601971539.7,50,-69,28,-111,224,13301156204503.1,13558463519556.1,81103298163059.3,"Toxostoma_rufum_22711099.shp","Toxostoma_rufum","Toxostoma rufum","Brown Thrasher","Mimidae","Toxostoma","rufum","Toxostoma rufum",NA,NA,"Toxostoma_rufum","brnthr",0.982792317403858,685,-0.114918026122683,-0.0642335766423358
7180,42,-74,27,-100,125,1635839196768.6,0.00172066688537598,2867836564158.99,43,-70,27,-100,165,2085353493177.93,18175644959.7337,2886012209127.64,"Thryothorus_ludovicianus_22711450.shp","Thryothorus_ludovicianus","Thryothorus ludovicianus","Carolina Wren","Troglodytidae","Thryothorus","ludovicianus","Thryothorus ludovicianus",NA,NA,"Thryothorus_ludovicianus","carwre",0.892118945576927,190,0.274791249223823,0.210526315789474
7310,43,-70,28,-98,169,2053943553996.4,0.00284446775913239,2962034884240.52,45,-70,28,-100,188,2276515748802.22,9230482217.4751,2971265365313.85,"Baeolophus_bicolor_22711983.shp","Baeolophus_bicolor","Baeolophus bicolor","Tufted Titmouse","Paridae","Baeolophus","bicolor","Baeolophus bicolor",NA,NA,"Baeolophus_bicolor","tuftit",0.997414692324632,202,0.108363345415582,0.0940594059405941
7360,40,-74,28,-100,133,1567166468172.63,26583104133.1118,2339277424703.25,41,-74,28,-100,135,1584293381565,0.0017235279083252,2312694524491.22,"Parus_carolinensis_22711708.shp","Parus_carolinensis","Parus carolinensis","Carolina Chickadee","Paridae","Poecile","carolinensis","Poecile carolinensis","Parus","Parus carolinensis","Parus_carolinensis","carchi",1,143,0.010928585916171,0.013986013986014
7510,45,-75,28,-123,109,8455287841463.12,8889177895264.99,49099104888341.9,46,-71,28,-123,138,10784996022717.8,11595359668579.7,52558158871991,"Polioptila_caerulea_22711581.shp","Polioptila_caerulea","Polioptila caerulea","Blue-gray Gnatcatcher","Polioptilidae","Polioptila","caerulea","Polioptila caerulea",NA,NA,"Polioptila_caerulea","buggna",0.693654349912791,279,0.275532687347471,0.103942652329749
7550,48,-65,31,-96,177,2241563454200.14,0.00265669822692871,3480774351370.53,NA,NA,NA,NA,NA,NA,NA,NA,"Hylocichla_mustelina_22708670.shp","Hylocichla_mustelina","Hylocichla mustelina","Wood Thrush","Turdidae","Hylocichla","mustelina","Hylocichla mustelina",NA,NA,"Hylocichla_mustelina","woothr",0.790443782998674,594,NA,NA
7610,54,-62,31,-129,313,32787976134850.7,33641190908910.1,183455975091178,54,-62,31,-129,308,34242080218741,35205990546811.5,185242339755913,"Turdus_migratorius_22708958.shp","Turdus_migratorius","Turdus migratorius","American Robin","Turdidae","Turdus","migratorius","Turdus migratorius",NA,NA,"Turdus_migratorius","amerob",0.558527695636409,1035,0.0443486989837348,-0.00483091787439614
7660,50,-71,27,-100,156,7896043856129.76,8126771068545.39,46578832418407.2,NA,NA,NA,NA,NA,NA,NA,NA,"Sialia_sialis_22708550.shp","Sialia_sialis","Sialia sialis","Eastern Bluebird","Turdidae","Sialia","sialis","Sialia sialis",NA,NA,"Sialia_sialis","easblu",0.856892777655436,973,NA,NA
6080,48,-66,33,-95,110,1779552795701.82,195027185787.328,2791831983500.1,48,-69,33,-95,100,1514635754864.4,110842527939.477,2707577567274.35,"Piranga_olivacea_22722466.shp","Piranga_olivacea","Piranga olivacea","Scarlet Tanager","Cardinalidae","Piranga","olivacea","Piranga olivacea",NA,NA,"Piranga_olivacea","scatan",0.562100766085273,649,-0.148867199375757,-0.0154083204930663
4560,53,-66,29,-113,172,11806414244329.5,12151651623380.9,68196670006028.3,NA,NA,NA,NA,NA,NA,NA,NA,"Sayornis_phoebe_22699886.shp","Sayornis_phoebe","Sayornis phoebe","Eastern Phoebe","Tyrannidae","Sayornis","phoebe","Sayornis phoebe",NA,NA,"Sayornis_phoebe",NA,0.688646782831186,1038,NA,NA
5810,54,-62,34,-129,203,10496872446890.8,11409737981682.5,70953177260866.6,54,-62,33,-129,218,25086053244972.1,26125211042244,143638943083146,"Melospiza_melodia_22721058.shp","Melospiza_melodia","Melospiza melodia","Song Sparrow","Emberizidae","Melospiza","melodia","Melospiza melodia",NA,NA,"Melospiza_melodia","sonspa",0.749587221103233,825,1.38985977698553,0.0181818181818182
6220,50,-77,27,-121,146,13527334092860.1,13674773583861,73559533563227,48,-77,26,-121,67,6566152429944.03,6755092406571.68,36927911839771.9,"Lanius_ludovicianus_22705042.shp","Lanius_ludovicianus","Lanius ludovicianus","Loggerhead Shrike","Laniidae","Lanius","ludovicianus","Lanius ludovicianus",NA,NA,"Lanius_ludovicianus",NA,0.813559110081921,440,-0.514601148691247,-0.179545454545455
6480,NA,NA,NA,NA,NA,NA,NA,NA,NA,NA,NA,NA,NA,NA,NA,NA,"Parula_americana_22721639.shp","Parula_americana","Parula americana","Northern Parula","Parulidae","Setophaga","americana","Setophaga americana","Parula","Parula americana","Parula_americana","norpar",0.856376284769189,640,NA,NA
7290,NA,NA,NA,NA,NA,NA,NA,NA,38,-76,30,-96,22,1044554870741.48,56334054744.346,1925187079905.32,"Sitta_pusilla_22711173.shp","Sitta_pusilla","Sitta pusilla","Brown-headed Nuthatch","Sittidae","Sitta","pusilla","Sitta pusilla",NA,NA,"Sitta_pusilla","bnhnut",0.992630459412332,56,NA,NA
4060,50,-77,27,-104,152,9667695283760.37,9863975367159.45,53801402232142.3,49,-76,29,-104,117,9124513440038.29,9191286447302.64,47426590822488.1,"Melanerpes_erythrocephalus_22680810.shp","Melanerpes_erythrocephalus","Melanerpes erythrocephalus","Red-headed Woodpecker","Picidae","Melanerpes","erythrocephalus","Melanerpes erythrocephalus",NA,NA,"Melanerpes_erythrocephalus",NA,0.996599058284916,330,-0.0561852466155514,-0.106060606060606
5290,53,-62,32,-124,246,17685832270908.3,18701255605018.6,106107540849512,54,-62,32,-124,253,18518821457509.6,19221512677556.5,106002392127647,"Carduelis_tristis_22720407.shp","Carduelis_tristis","Carduelis tristis","American Goldfinch","Fringillidae","Spinus","tristis","Spinus tristis","Carduelis","Carduelis tristis","Carduelis_tristis","amegfi",0.897678464601425,1084,0.0470992359218253,0.00645756457564576
6280,48,-71,28,-99,97,2122350972853.82,12472469138.2034,3179802581498.01,NA,NA,NA,NA,NA,NA,NA,NA,"Vireo_flavifrons_22705237.shp","Vireo_flavifrons","Vireo flavifrons","Yellow-throated Vireo","Vireonidae","Vireo","flavifrons","Vireo flavifrons",NA,NA,"Vireo_flavifrons",NA,0.672071095059592,262,NA,NA
6170,49,-71,27,-124,152,12397691590265.5,13031136823472.8,49227967300819,50,-73,31,-124,126,11140506658587.9,11454358765011.9,47012003016610.7,"Stelgidopteryx_serripennis_22735128.shp","Stelgidopteryx_serripennis","Stelgidopteryx serripennis","Northern Rough-winged Swallow","Hirundinidae","Stelgidopteryx","serripennis","Stelgidopteryx serripennis",NA,NA,"Stelgidopteryx_serripennis","nrwswa",0.770062176118241,351,-0.101404759307348,-0.0740740740740741
6840,42,-77,29,-96,50,890299707478.66,0.000133216381072998,2007300036957.58,43,-75,30,-95,60,1051612147143.73,0.00101298093795776,2007300036957.58,"Wilsonia_citrina_22721876.shp","Wilsonia_citrina","Wilsonia citrina","Hooded Warbler","Parulidae","Setophaga","citrina","Setophaga citrina","Wilsonia","Wilsonia citrina","Wilsonia_citrina","hoowar",0.696005421555393,308,0.18118891684454,0.0324675324675325
4280,NA,NA,NA,NA,NA,NA,NA,NA,47,-65,31,-98,96,2021223749740.26,0.00569462776184082,4755264748988.77,"Archilochus_colubris_22688193.shp","Archilochus_colubris","Archilochus colubris","Ruby-throated Hummingbird","Trochilidae","Archilochus","colubris","Archilochus colubris",NA,NA,"Archilochus_colubris",NA,0.73206635644926,630,NA,NA
6630,40,-75,28,-96,43,3066871292765.29,3216041387492.04,18917099368221.9,40,-77,30,-95,38,2166598041048.77,2321292924717.54,10332056790993.5,"Dendroica_dominica_22724793.shp","Dendroica_dominica","Dendroica dominica","Yellow-throated Warbler","Parulidae","Setophaga","dominica","Setophaga dominica","Dendroica","Dendroica dominica","Dendroica_dominica","yetwar",0.631953100810559,400,-0.293547777450019,-0.0125
3930,NA,NA,NA,NA,NA,NA,NA,NA,NA,NA,NA,NA,NA,NA,NA,NA,"Leuconotopicus_villosus_22681166.shp","Leuconotopicus_villosus","Leuconotopicus villosus","Hairy Woodpecker","Picidae","Picoides","villosus","Picoides villosus","Leuconotopicus","Leuconotopicus villosus","Leuconotopicus_villosus",NA,0.647823540429967,666,NA,NA
6740,NA,NA,NA,NA,NA,NA,NA,NA,NA,NA,NA,NA,NA,NA,NA,NA,"Seiurus_aurocapilla_22721779.shp","Seiurus_aurocapilla","Seiurus aurocapilla","Ovenbird","Parulidae","Seiurus","aurocapilla","Seiurus aurocapilla",NA,NA,"Seiurus_aurocapilla","ovenbi1",0.661664543696424,719,NA,NA
6360,NA,NA,NA,NA,NA,NA,NA,NA,NA,NA,NA,NA,NA,NA,NA,NA,"Mniotilta_varia_22721758.shp","Mniotilta_varia","Mniotilta varia","Black-and-white Warbler","Parulidae","Mniotilta","varia","Mniotilta varia",NA,NA,"Mniotilta_varia","bawwar",0.582508114226756,745,NA,NA
6390,39,-75,31,-96,18,854350807064.471,0.00681078433990479,1754178402752.17,42,-73,34,-93,19,649427686363.187,0.0057978630065918,1754178402683.7,"Helmitheros_vermivorum_22721768.shp","Helmitheros_vermivorum","Helmitheros vermivorum","Worm-eating Warbler","Parulidae","Helmitheros","vermivorum","Helmitheros vermivorum",NA,NA,"Helmitheros_vermivorum","woewar1",0.641070032124495,300,-0.239858286557245,0.00333333333333333
6670,48,-62,34,-93,30,2459397268573.42,3581953829887.67,13676704544946.1,48,-62,35,-95,41,2943839057496.98,4776150105722.02,16290409784956.1,"Dendroica_virens_22721689.shp","Dendroica_virens","Dendroica virens","Black-throated Green Warbler","Parulidae","Setophaga","virens","Setophaga virens","Dendroica","Dendroica virens","Dendroica_virens","btnwar",0.648229516754302,3325,0.196975818064789,0.00330827067669173
6760,44,-71,31,-97,28,3971050760460.36,8149442621538.69,60331168071998.8,42,-72,32,-95,30,1644381211644.2,3289323175870.46,21050472279044,"Parkesia_motacilla_22721803.shp","Parkesia_motacilla","Parkesia motacilla","Louisiana Waterthrush","Parulidae","Parkesia","motacilla","Parkesia motacilla",NA,NA,"Parkesia_motacilla","louwat",0.574122776713181,240,-0.585907783396462,0.00833333333333333
4900,40,-74,27,-93,38,365417379926.72,0.00405114889144897,948945650323.727,42,-70,27,-97,64,2535078663751.42,336600443946.136,4132385151517.19,"Corvus_ossifragus_22705993.shp","Corvus_ossifragus","Corvus ossifragus","Fish Crow","Corvidae","Corvus","ossifragus","Corvus ossifragus",NA,NA,"Corvus_ossifragus","fiscro",0.977300652111854,62,5.93748793300362,0.419354838709677
5070,53,-65,30,-113,195,3157426399889.27,168455164569.652,4554788297158.86,NA,NA,NA,NA,NA,NA,NA,NA,"Icterus_galbula_22724126.shp","Icterus_galbula","Icterus galbula","Baltimore Oriole","Icteridae","Icterus","galbula","Icterus galbula",NA,NA,"Icterus_galbula","balori",0.650881750512744,357,NA,NA
6870,NA,NA,NA,NA,NA,NA,NA,NA,54,-62,31,-129,97,2608423958010.14,0.0013575553894043,4867238799535.71,"Setophaga_ruticilla_22721762.shp","Setophaga_ruticilla","Setophaga ruticilla","American Redstart","Parulidae","Setophaga","ruticilla","Setophaga ruticilla",NA,NA,"Setophaga_ruticilla","amered",0.547252208278255,754,NA,NA
6380,NA,NA,NA,NA,NA,NA,NA,NA,NA,NA,NA,NA,NA,NA,NA,NA,"Limnothlypis_swainsonii_22721776.shp","Limnothlypis_swainsonii","Limnothlypis swainsonii","Swainson's Warbler","Parulidae","Limnothlypis","swainsonii","Limnothlypis swainsonii",NA,NA,"Limnothlypis_swainsonii","swawar",0.709640849968728,194,NA,NA
5750,NA,NA,NA,NA,NA,NA,NA,NA,31,-81,28,-85,5,35873098826.5948,35873098826.5965,1529267289295.39,"Peucaea_aestivalis_22721256.shp","Peucaea_aestivalis","Peucaea aestivalis","Bachman's Sparrow","Emberizidae","Peucaea","aestivalis","Peucaea aestivalis",NA,NA,"Peucaea_aestivalis","bacspa",0.980109483835044,61,NA,NA
3000,53,-62,44,-113,6,1219388554654.58,0.00750582059845328,4281528468543.31,NA,NA,NA,NA,NA,NA,NA,NA,"Bonasa_umbellus_22679500.shp","Bonasa_umbellus","Bonasa umbellus","Ruffed Grouse","Phasianidae","Bonasa","umbellus","Bonasa umbellus",NA,NA,"Bonasa_umbellus",NA,0.530466305953772,135,NA,NA
4670,53,-62,36,-113,93,4717618820106.5,6146595063514.14,37592171477979,NA,NA,NA,NA,NA,NA,NA,NA,"Empidonax_minimus_22699854.shp","Empidonax_minimus","Empidonax minimus","Least Flycatcher","Tyrannidae","Empidonax","minimus","Empidonax minimus",NA,NA,"Empidonax_minimus",NA,0.652630711276776,1494,NA,NA
4970,53,-92,38,-119,39,2244032091357.18,2254956236944.08,10656753934790.4,50,-93,33,-114,30,1235627721688.72,1285391358575.78,9764868038257.69,"Xanthocephalus_xanthocephalus_22724169.shp","Xanthocephalus_xanthocephalus","Xanthocephalus xanthocephalus","Yellow-headed Blackbird","Icteridae","Xanthocephalus","xanthocephalus","Xanthocephalus xanthocephalus",NA,NA,"Xanthocephalus_xanthocephalus","yehbla",0.787950734773872,761,-0.449371634903217,-0.011826544021025
5100,53,-82,32,-124,65,11032116837424.3,11534867214405.9,61070049196537.5,54,-91,33,-124,52,10437074721394,11087900672385,65331023022911.1,"Euphagus_cyanocephalus_22724332.shp","Euphagus_cyanocephalus","Euphagus cyanocephalus","Brewer's Blackbird","Icteridae","Euphagus","cyanocephalus","Euphagus cyanocephalus",NA,NA,"Euphagus_cyanocephalus","brebla",0.785408422030735,958,-0.0539372565391753,-0.0135699373695198
5400,53,-69,34,-124,118,2757172575712.34,3103338742324.82,15243489893938.1,54,-72,34,-124,95,2384713649826.39,2504065549203.34,14190588291620.7,"Pooecetes_gramineus_22721188.shp","Pooecetes_gramineus","Pooecetes gramineus","Vesper Sparrow","Emberizidae","Pooecetes","gramineus","Pooecetes gramineus",NA,NA,"Pooecetes_gramineus","vesspa",0.808242726471846,1112,-0.135087273523212,-0.0206834532374101
5420,53,-62,38,-124,130,9576563001504.05,10675639647810.1,72318133175683.3,54,-62,40,-124,113,11190339859658,12212953318360.2,73702520429599.5,"Passerculus_sandwichensis_22721110.shp","Passerculus_sandwichensis","Passerculus sandwichensis","Savannah Sparrow","Emberizidae","Passerculus","sandwichensis","Passerculus sandwichensis",NA,NA,"Passerculus_sandwichensis","savspa",0.517041057774687,2259,0.168513156327636,-0.00752545374059318
5580,NA,NA,NA,NA,NA,NA,NA,NA,54,-62,44,-115,41,1650319932077.5,1938758925003.39,10641473990548.2,"Zonotrichia_albicollis_22721085.shp","Zonotrichia_albicollis","Zonotrichia albicollis","White-throated Sparrow","Emberizidae","Zonotrichia","albicollis","Zonotrichia albicollis",NA,NA,"Zonotrichia_albicollis","whtspa",0.670615278290042,1278,NA,NA
5610,53,-89,43,-113,30,518905492603.736,0.00472068786621094,2170510569114.47,54,-71,44,-115,42,635959665213.35,0.00659799575805664,2170510568570.8,"Spizella_pallida_22721165.shp","Spizella_pallida","Spizella pallida","Clay-colored Sparrow","Emberizidae","Spizella","pallida","Spizella pallida",NA,NA,"Spizella_pallida","clcspa",0.706696037305334,579,0.225578981679815,0.0207253886010363
5830,53,-62,45,-113,11,1581890536638.64,2480271093966.87,9643369378602.38,54,-62,40,-121,13,1612336667368.05,2685479684737.94,10197794065510.4,"Melospiza_lincolnii_22721064.shp","Melospiza_lincolnii","Melospiza lincolnii","Lincoln's Sparrow","Emberizidae","Melospiza","lincolnii","Melospiza lincolnii",NA,NA,"Melospiza_lincolnii","linspa",0.571580183791237,993,0.0192466735366565,0.00201409869083585
5950,53,-62,36,-113,116,1454938669661.71,54688561292.0491,3191941409789.49,54,-64,39,-115,110,2710193952777.99,80685068277.3826,6355190784676.83,"Pheucticus_ludovicianus_22723813.shp","Pheucticus_ludovicianus","Pheucticus ludovicianus","Rose-breasted Grosbeak","Cardinalidae","Pheucticus","ludovicianus","Pheucticus ludovicianus",NA,NA,"Pheucticus_ludovicianus","robgro",0.678399623006888,769,0.862754773992051,-0.00780234070221066
6140,53,-62,37,-124,117,3400639675300.37,416313859755.12,6821553549902.49,53,-62,27,-123,175,3928967748283.26,540335771945.138,6945575460828.95,"Tachycineta_bicolor_22712057.shp","Tachycineta_bicolor","Tachycineta bicolor","Tree Swallow","Hirundinidae","Tachycineta","bicolor","Tachycineta bicolor",NA,NA,"Tachycineta_bicolor","treswa",0.568030324183769,944,0.155361380042778,0.0614406779661017
6270,54,-69,34,-129,157,4367891929188.36,507286257935.542,7905711319204.18,54,-65,32,-129,169,3898344319492.5,399166774193.648,7797591817644.67,"Vireo_gilvus_22735122.shp","Vireo_gilvus","Vireo gilvus","Warbling Vireo","Vireonidae","Vireo","gilvus","Vireo gilvus",NA,NA,"Vireo_gilvus",NA,0.739001712399952,343,-0.107499823097298,0.0349854227405248
6550,54,-62,39,-129,42,3768236811046.12,5037132345460.68,25185207726650.6,54,-62,34,-129,50,4825661599897.44,6264072521588.15,26751179200852.3,"Dendroica_coronata_22721676.shp","Dendroica_coronata","Dendroica coronata","(Myrtle Warbler) Yellow-rumped Warbler","Parulidae","Setophaga","coronata coronata","Dendroica coronata",NA,NA,"Dendroica_coronata",NA,0.556380397720484,1409,0.280615269653863,0.0056777856635912
7350,54,-62,38,-129,142,3000235531204.79,0.00337028503417969,6041277407234.67,54,-62,38,-124,142,2328801525677.52,0.00352573394775391,6041277407243.87,"Parus_atricapillus_22711716.shp","Parus_atricapillus","Parus atricapillus","Black-capped Chickadee","Paridae","Poecile","atricapillus","Poecile atricapillus","Parus","Parus atricapillus","Parus_atricapillus","bkcchi",0.685032659771459,200,-0.22379376503739,0
7490,54,-62,39,-129,31,4405842084701.39,6896117976228.34,26877460660787.9,54,-62,38,-129,22,7362878048672.96,10752898989465.6,47534522494239.8,"Regulus_calendula_22712567.shp","Regulus_calendula","Regulus calendula","Ruby-crowned Kinglet","Regulidae","Regulus","calendula","Regulus calendula",NA,NA,"Regulus_calendula","ruckin",0.506359237547467,546,0.671162494506877,-0.0164835164835165
7590,NA,NA,NA,NA,NA,NA,NA,NA,NA,NA,NA,NA,NA,NA,NA,NA,"Catharus_guttatus_22708667.shp","Catharus_guttatus","Catharus guttatus","Hermit Thrush","Turdidae","Catharus","guttatus","Catharus guttatus",NA,NA,"Catharus_guttatus","herthr",0.643000885344507,1271,NA,NA
6470,53,-62,45,-113,10,391053476928.685,0.0032396987080574,1542491844528.41,53,-67,47,-113,4,416185368869.877,0.0072249174118042,1542491851299.41,"Vermivora_peregrina_22721621.shp","Vermivora_peregrina","Vermivora peregrina","Tennessee Warbler","Parulidae","Oreothlypis","peregrina","Oreothlypis peregrina","Vermivora","Vermivora peregrina","Vermivora_peregrina","tenwar",0.578518896199211,664,0.0642671486738269,-0.00903614457831325
7250,53,-75,35,-122,21,3927331339263.97,4726620819867.46,41943952231032.8,50,-73,38,-101,16,2430329897830.16,2747027163071.18,21189789253833.9,"Cistothorus_palustris_22711374.shp","Cistothorus_palustris","Cistothorus palustris","Marsh Wren","Troglodytidae","Cistothorus","palustris","Cistothorus palustris",NA,NA,"Cistothorus_palustris","marwre",0.810635273455481,1003,-0.381175233794858,-0.00498504486540379
2950,34,-107,32,-114,4,67574946735.7895,81883610025.9724,986564534748.035,NA,NA,NA,NA,NA,NA,NA,NA,"Callipepla_gambelii_22679609.shp","Callipepla_gambelii","Callipepla gambelii","Gambel's Quail","Odontophoridae","Callipepla","gambelii","Callipepla gambelii",NA,NA,"Callipepla_gambelii",NA,0.803493794142906,4,NA,NA
3850,NA,NA,NA,NA,NA,NA,NA,NA,37,-92,27,-114,30,1014920128223.9,0.00590181350708008,1924793871713.32,"Geococcyx_californianus_22684458.shp","Geococcyx_californianus","Geococcyx californianus","Greater Roadrunner","Cuculidae","Geococcyx","californianus","Geococcyx californianus",NA,NA,"Geococcyx_californianus",NA,0.639889556415823,66,NA,NA
4470,50,-93,29,-124,83,3719919809747.15,127700375275.942,4996010807667.04,50,-94,26,-124,93,3753284631084.63,183896111101.612,5052206543096.72,"Tyrannus_verticalis_22700497.shp","Tyrannus_verticalis","Tyrannus verticalis","Western Kingbird","Tyrannidae","Tyrannus","verticalis","Tyrannus verticalis",NA,NA,"Tyrannus_verticalis",NA,0.768975977072976,418,0.00896923133935711,0.0239234449760766
4540,43,-98,27,-124,27,2301524602747.23,2301539759542.26,22396562478872.8,43,-98,29,-124,31,2747864976128.82,2788082773480.6,12915906822874.7,"Myiarchus_cinerascens_22700427.shp","Myiarchus_cinerascens","Myiarchus cinerascens","Ash-throated Flycatcher","Tyrannidae","Myiarchus","cinerascens","Myiarchus cinerascens",NA,NA,"Myiarchus_cinerascens",NA,0.588136077501249,91,0.193932479734871,0.043956043956044
4570,48,-100,29,-120,24,5790514411410.91,6071911413427.65,35466142993354.7,48,-98,29,-120,35,5224602509058.83,5516870257911.76,39051619616613.6,"Sayornis_saya_22699889.shp","Sayornis_saya","Sayornis saya","Say's Phoebe","Tyrannidae","Sayornis","saya","Sayornis saya",NA,NA,"Sayornis_saya",NA,0.520811259760548,110,-0.0977308512067394,0.1
5011,52,-82,30,-124,136,12504292416717.7,12670388931583.3,60758791560436,54,-88,33,-124,105,10598827214715.9,10710634815153.5,58690459646231.4,"Sturnella_neglecta_22724256.shp","Sturnella_neglecta","Sturnella neglecta","Western Meadowlark","Icteridae","Sturnella","neglecta","Sturnella neglecta",NA,NA,"Sturnella_neglecta","wesmea",0.821873842639749,421,-0.152384888204814,-0.0736342042755344
5080,49,-98,27,-124,39,2638311424905.19,204381955639.539,3464896281394.57,48,-98,27,-124,39,2596479204919.86,202016487611.743,3462488610957.86,"Icterus_bullockii_22729123.shp","Icterus_bullockii","Icterus bullockii","Bullock's Oriole","Icteridae","Icterus","bullockii","Icterus bullockii",NA,NA,"Icterus_bullockii","bulori",0.652095977861696,233,-0.0158556793524968,0
5120,NA,NA,NA,NA,NA,NA,NA,NA,40,-94,26,-122,27,15345450458052.9,16657632299933.9,84682971977487.1,"Quiscalus_mexicanus_22724308.shp","Quiscalus_mexicanus","Quiscalus mexicanus","Great-tailed Grackle","Icteridae","Quiscalus","mexicanus","Quiscalus mexicanus",NA,NA,"Quiscalus_mexicanus","grtgra",0.544399279519555,439,NA,NA
5190,48,-70,29,-124,37,23528689250898.2,70885119102608.4,501034957044515,49,-65,29,-124,183,68929742601454.9,222707928784061,1018215612585444,"Carpodacus_mexicanus_22720563.shp","Carpodacus_mexicanus","Carpodacus mexicanus","House Finch","Fringillidae","Haemorhous","mexicanus","Haemorhous mexicanus","Carpodacus","Carpodacus mexicanus","Carpodacus_mexicanus","houfin",0.789802851075495,636,1.92960401943443,0.229559748427673
7130,33,-97,26,-117,17,225199232694.48,0.00313389301300049,954301682790.31,NA,NA,NA,NA,NA,NA,NA,NA,"Campylorhynchus_brunneicapillus_22711287.shp","Campylorhynchus_brunneicapillus","Campylorhynchus brunneicapillus","Cactus Wren","Troglodytidae","Campylorhynchus","brunneicapillus","Campylorhynchus brunneicapillus",NA,NA,"Campylorhynchus_brunneicapillus","cacwre",0.516602835834503,23,NA,NA
7460,NA,NA,NA,NA,NA,NA,NA,NA,NA,NA,NA,NA,NA,NA,NA,NA,"Auriparus_flaviceps_22711568.shp","Auriparus_flaviceps","Auriparus flaviceps","Verdin","Remizidae","Auriparus","flaviceps","Auriparus flaviceps",NA,NA,"Auriparus_flaviceps","verdin",0.521385549716727,21,NA,NA
4290,NA,NA,NA,NA,NA,NA,NA,NA,NA,NA,NA,NA,NA,NA,NA,NA,"Archilochus_alexandri_22688196.shp","Archilochus_alexandri","Archilochus alexandri","Black-chinned Hummingbird","Trochilidae","Archilochus","alexandri","Archilochus alexandri",NA,NA,"Archilochus_alexandri",NA,0.671573649516779,164,NA,NA
5520,48,-86,27,-122,95,9850807086600.17,10346964039926.2,52759198651780.5,48,-89,26,-122,104,10700635714285.1,11766411973198.7,55318355091346.1,"Chondestes_grammacus_22721191.shp","Chondestes_grammacus","Chondestes grammacus","Lark Sparrow","Emberizidae","Chondestes","grammacus","Chondestes grammacus",NA,NA,"Chondestes_grammacus","larspa",0.79317490588497,231,0.0862699492756253,0.038961038961039
5730,40,-98,27,-116,16,5677900495776.81,24522146630483.6,225257004915326,38,-99,27,-113,15,5127523187650.74,22696977214921.4,219888340966260,"Amphispiza_bilineata_22721194.shp","Amphispiza_bilineata","Amphispiza bilineata","Black-throated Sparrow","Emberizidae","Amphispiza","bilineata","Amphispiza bilineata",NA,NA,"Amphispiza_bilineata","bktspa",0.64377357694568,44,-0.0969332429364404,-0.0227272727272727
6330,44,-90,27,-110,32,1679219901870.84,1881757582495.41,10935237242021.3,43,-88,29,-110,39,1804539659987.3,1911025567043.8,10772393186441.6,"Vireo_bellii_22705156.shp","Vireo_bellii","Vireo bellii","Bell's Vireo","Vireonidae","Vireo","bellii","Vireo bellii",NA,NA,"Vireo_bellii",NA,0.573857601333213,322,0.0746297480019361,0.0217391304347826
7150,46,-102,32,-122,16,4029204007283.56,4039450452426.42,37117030459937.5,47,-103,29,-120,15,5463473774222.38,5501486879590.73,38634601503361.2,"Salpinctes_obsoletus_22711332.shp","Salpinctes_obsoletus","Salpinctes obsoletus","Rock Wren","Troglodytidae","Salpinctes","obsoletus","Salpinctes obsoletus",NA,NA,"Salpinctes_obsoletus","rocwre",0.758386648832801,122,0.355968514958813,-0.00819672131147541
7190,48,-79,27,-124,44,3965513032210.8,5508455888394.68,18186653137279.9,48,-93,26,-124,35,3410816584977.42,4606115862388.57,16589027263315.1,"Thryomanes_bewickii_22711377.shp","Thryomanes_bewickii","Thryomanes bewickii","Bewick's Wren","Troglodytidae","Thryomanes","bewickii","Thryomanes bewickii",NA,NA,"Thryomanes_bewickii","bewwre",0.736680368756001,165,-0.139880122124862,-0.0545454545454545
4250,44,-102,32,-110,4,146941487603.318,146941487603.318,4972199258656.78,40,-106,32,-122,5,525844998786.789,525844998786.789,7763688795331.67,"Aeronautes_saxatalis_22686733.shp","Aeronautes_saxatalis","Aeronautes saxatalis","White-throated Swift","Apodidae","Aeronautes","saxatalis","Aeronautes saxatalis",NA,NA,"Aeronautes_saxatalis",NA,0.588982197192395,37,2.57860130153546,0.027027027027027
2930,NA,NA,NA,NA,NA,NA,NA,NA,NA,NA,NA,NA,NA,NA,NA,NA,"Callipepla_squamata_22679594.shp","Callipepla_squamata","Callipepla squamata","Scaled Quail","Odontophoridae","Callipepla","squamata","Callipepla squamata",NA,NA,"Callipepla_squamata",NA,0.59623796202283,18,NA,NA
4430,39,-93,26,-103,57,730341650600.951,0.000961422920227051,1377348480617.86,39,-91,26,-104,65,933607804715.868,37817835984.2717,1415166559892.07,"Tyrannus_forficatus_22700500.shp","Tyrannus_forficatus","Tyrannus forficatus","Scissor-tailed Flycatcher","Tyrannidae","Tyrannus","forficatus","Tyrannus forficatus",NA,NA,"Tyrannus_forficatus",NA,0.672404978498712,276,0.278316530280947,0.0289855072463768
7270,48,-71,34,-124,115,21804815360823.7,46527243830134,239022416535013,50,-69,31,-124,166,26194561348698.4,56027703450965.4,260186187532701,"Sitta_carolinensis_22711202.shp","Sitta_carolinensis","Sitta carolinensis","White-breasted Nuthatch","Sittidae","Sitta","carolinensis","Sitta carolinensis",NA,NA,"Sitta_carolinensis","whbnut",0.884633185078531,943,0.201320025656429,0.0540827147401909
3120,54,-121,43,-129,8,127727421512.203,162615049871.418,3346451447195.13,49,-121,40,-124,6,83343991886.2267,83343991886.2267,1640374569335.59,"Patagioenas_fasciata_22725264.shp","Patagioenas_fasciata","Patagioenas fasciata","Band-tailed Pigeon","Columbidae","Patagioenas","fasciata","Patagioenas fasciata",NA,NA,"Patagioenas_fasciata",NA,0.599256270883312,39,-0.347485521123872,-0.0512820512820513
4030,54,-121,40,-129,6,146926219455.321,146926219455.364,2376387137196.99,54,-121,40,-129,9,488625097724.473,595401453938.641,3038415074104.12,"Sphyrapicus_ruber_22680874.shp","Sphyrapicus_ruber","Sphyrapicus ruber","Red-breasted Sapsucker","Picidae","Sphyrapicus","ruber","Sphyrapicus ruber",NA,NA,"Sphyrapicus_ruber",NA,0.525164031677063,23,2.32564942823604,0.130434782608696
4690,NA,NA,NA,NA,NA,NA,NA,NA,48,-104,39,-120,9,519040379354.196,0.0017085075378418,2413100095824.4,"Empidonax_oberholseri_22699864.shp","Empidonax_oberholseri","Empidonax oberholseri","Dusky Flycatcher","Tyrannidae","Empidonax","oberholseri","Empidonax oberholseri",NA,NA,"Empidonax_oberholseri",NA,0.674212273520567,60,NA,NA
4780,54,-105,34,-129,12,1009186426249.82,0.00638943910598755,2395937898020.49,NA,NA,NA,NA,NA,NA,NA,NA,"Cyanocitta_stelleri_22705614.shp","Cyanocitta_stelleri","Cyanocitta stelleri","Steller's Jay","Corvidae","Cyanocitta","stelleri","Cyanocitta stelleri",NA,NA,"Cyanocitta_stelleri",NA,0.692311244220768,32,NA,NA
5330,54,-65,39,-129,22,3212532239591.35,4341474528351.16,14896963881961.4,54,-65,38,-129,14,3117755033164.73,4332741454512.41,15060319076225.2,"Carduelis_pinus_22720359.shp","Carduelis_pinus","Carduelis pinus","Pine Siskin","Fringillidae","Spinus","pinus","Spinus pinus","Carduelis","Carduelis pinus","Carduelis_pinus","pinsis",0.700056499279563,1313,-0.029502336274976,-0.00609291698400609
5660,54,-62,36,-129,39,5429859340086.94,8683395641535.52,32992754943390.9,54,-62,34,-129,42,6763825528161.43,10059864601953.5,34454229370875.6,"Junco_hyemalis_22735032.shp","Junco_hyemalis","Junco hyemalis","(White-winged Junco) Dark-eyed Junco","Emberizidae","Junco","hyemalis aikeni","Junco hyemalis",NA,NA,"Junco_hyemalis",NA,0.61328107979369,1117,0.245672328604581,0.0026857654431513
6460,54,-106,40,-129,13,2527073691108.63,3150582520930.02,25926697046285.4,54,-107,40,-129,10,2283685162479.83,2879132544528.74,25599124184383.4,"Vermivora_celata_22721624.shp","Vermivora_celata","Vermivora celata","Orange-crowned Warbler","Parulidae","Oreothlypis","celata","Oreothlypis celata","Vermivora","Vermivora celata","Vermivora_celata","orcwar",0.591810580777118,1082,-0.096312398599674,-0.00277264325323475
6680,54,-114,45,-129,7,1345818918201.79,3146336272360.42,33369262175114.2,54,-114,45,-129,6,1956026462194.51,4478277464703.33,29906997215314.3,"Dendroica_townsendi_22721683.shp","Dendroica_townsendi","Dendroica townsendi","Townsend's Warbler","Parulidae","Setophaga","townsendi","Setophaga townsendi","Dendroica","Dendroica townsendi","Dendroica_townsendi","towwar",0.591601005044211,405,0.453409842691204,-0.00246913580246914
6850,NA,NA,NA,NA,NA,NA,NA,NA,NA,NA,NA,NA,NA,NA,NA,NA,"Wilsonia_pusilla_22721879.shp","Wilsonia_pusilla","Wilsonia pusilla","Wilson's Warbler","Parulidae","Cardellina","pusilla","Cardellina pusilla","Wilsonia","Wilsonia pusilla","Wilsonia_pusilla","wlswar",0.537776126044101,963,NA,NA
7221,NA,NA,NA,NA,NA,NA,NA,NA,NA,NA,NA,NA,NA,NA,NA,NA,"Troglodytes_pacificus_22714246.shp","Troglodytes_pacificus","Troglodytes pacificus","Pacific Wren","Troglodytidae","Troglodytes","pacificus","Troglodytes pacificus",NA,NA,"Troglodytes_pacificus","pacwre1",0.713663359641531,61,NA,NA
7410,54,-121,40,-129,8,189852231803.046,0.00566530227661133,636926504227,54,-121,40,-129,10,177902566381.248,0.00936031341552734,636926504203.095,"Parus_rufescens_22711767.shp","Parus_rufescens","Parus rufescens","Chestnut-backed Chickadee","Paridae","Poecile","rufescens","Poecile rufescens","Parus","Parus rufescens","Parus_rufescens","chbchi",0.664800282932868,12,-0.0629419275628783,0.166666666666667
7580,54,-62,43,-129,37,7195425837390.55,11513456905789.5,42899862282121,54,-62,40,-129,30,8303606720920.38,12983520743359,45091688214395.7,"Catharus_ustulatus_22708664.shp","Catharus_ustulatus","Catharus ustulatus","Swainson's Thrush","Turdidae","Catharus","ustulatus","Catharus ustulatus",NA,NA,"Catharus_ustulatus","swathr",0.512612022464551,3095,0.154011855388911,-0.00226171243941842
4641,54,-121,40,-129,9,243959101617.342,82147049182.5452,704265912299.317,54,-120,40,-129,11,171847692253.526,32340792985.8451,654459652039.509,"Empidonax_difficilis_22699871.shp","Empidonax_difficilis","Empidonax difficilis","Pacific-slope Flycatcher","Tyrannidae","Empidonax","difficilis","Empidonax difficilis",NA,NA,"Empidonax_difficilis",NA,0.534059602621072,20,-0.295588108358121,0.1
7480,54,-62,44,-129,13,1098665868823.68,2179289047010.16,19200341533049,54,-62,44,-129,21,7204160058086.03,9578769725200.82,74580301876562.9,"Regulus_satrapa_22712594.shp","Regulus_satrapa","Regulus satrapa","Golden-crowned Kinglet","Regulidae","Regulus","satrapa","Regulus satrapa",NA,NA,"Regulus_satrapa","gockin",0.755597875798228,1076,5.55718928066764,0.00743494423791822
4660,54,-72,36,-129,69,3175743631727.51,3281642499329.14,31589887039194,49,-73,37,-124,71,3554225054669.72,3713786333578.46,32129263090736.4,"Empidonax_traillii_22699848.shp","Empidonax_traillii","Empidonax traillii","Willow Flycatcher","Tyrannidae","Empidonax","traillii","Empidonax traillii",NA,NA,"Empidonax_traillii",NA,0.704895911691541,1924,0.11917883394647,0.00103950103950104
6070,54,-104,33,-129,23,8438271674561.13,10832766560061.3,34953548433774.7,54,-104,33,-129,27,8275618166996.49,10658891073178.5,34754164885151.5,"Piranga_ludoviciana_22722471.shp","Piranga_ludoviciana","Piranga ludoviciana","Western Tanager","Cardinalidae","Piranga","ludoviciana","Piranga ludoviciana",NA,NA,"Piranga_ludoviciana","westan",0.59118086535932,399,-0.0192756898376463,0.0100250626566416
2940,NA,NA,NA,NA,NA,NA,NA,NA,48,-113,33,-124,9,485417228232.662,0.00046539306640625,813599975289.975,"Callipepla_californica_22679603.shp","Callipepla_californica","Callipepla californica","California Quail","Odontophoridae","Callipepla","californica","Callipepla californica",NA,NA,"Callipepla_californica",NA,0.527043823451124,36,NA,NA
5300,43,-98,29,-124,15,8473458852740.71,8681658291510.75,60346110248815.5,45,-97,26,-124,22,14525376180117.9,15638049434586.6,77855300511059.6,"Carduelis_psaltria_22720410.shp","Carduelis_psaltria","Carduelis psaltria","Lesser Goldfinch","Fringillidae","Spinus","psaltria","Spinus psaltria","Carduelis","Carduelis psaltria","Carduelis_psaltria","lesgol",0.528773020121424,159,0.71422041843276,0.0440251572327044
5990,49,-105,39,-124,14,493050616370.425,17485614824.29,2693613254945,49,-103,38,-124,20,1276498192538.74,21484403287.654,2697617037855.14,"Passerina_amoena_22723948.shp","Passerina_amoena","Passerina amoena","Lazuli Bunting","Cardinalidae","Passerina","amoena","Passerina amoena",NA,NA,"Passerina_amoena","lazbun",0.768027475619206,104,1.58898001575505,0.0576923076923077
6150,49,-105,34,-124,17,7315497369819.58,7355199448707.63,66046391527080.7,49,-104,34,-124,19,12718673681907.6,12798919710658.1,71571199660999.8,"Tachycineta_thalassina_22712077.shp","Tachycineta_thalassina","Tachycineta thalassina","Violet-green Swallow","Hirundinidae","Tachycineta","thalassina","Tachycineta thalassina",NA,NA,"Tachycineta_thalassina","vigswa",0.559178025291459,449,0.738593159007767,0.0044543429844098
7670,40,-106,33,-123,5,183509551715.415,1468074860221.87,66121104200681.1,48,-104,33,-124,11,111513801944556,953955970549108,8830702305689879,"Sialia_mexicana_22708553.shp","Sialia_mexicana","Sialia mexicana","Western Bluebird","Turdidae","Sialia","mexicana","Sialia mexicana",NA,NA,"Sialia_mexicana","wesblu",0.615552095595331,116,606.673011579751,0.0517241379310345
5960,49,-100,33,-124,21,4300421885236.95,4782287675582.31,20233467544669.9,49,-103,32,-124,33,4656265856917.81,5155490918381.82,20641386856355.8,"Pheucticus_melanocephalus_22723816.shp","Pheucticus_melanocephalus","Pheucticus melanocephalus","Black-headed Grosbeak","Cardinalidae","Pheucticus","melanocephalus","Pheucticus melanocephalus",NA,NA,"Pheucticus_melanocephalus","bkhgro",0.752301379249483,372,0.082746293544465,0.032258064516129
7430,NA,NA,NA,NA,NA,NA,NA,NA,NA,NA,NA,NA,NA,NA,NA,NA,"Psaltriparus_minimus_22712028.shp","Psaltriparus_minimus","Psaltriparus minimus","Bushtit","Aegithalidae","Psaltriparus","minimus","Psaltriparus minimus",NA,NA,"Psaltriparus_minimus","bushti",0.660792854873078,28,NA,NA
5170,NA,NA,NA,NA,NA,NA,NA,NA,49,-62,40,-124,48,4606221533141.9,7280531108132.88,35018829879861.3,"Carpodacus_purpureus_22720553.shp","Carpodacus_purpureus","Carpodacus purpureus","Purple Finch","Fringillidae","Haemorhous","purpureus","Haemorhous purpureus","Carpodacus","Carpodacus purpureus","Carpodacus_purpureus","purfin",0.775438709619508,775,NA,NA
5180,48,-105,39,-123,7,925990906802.567,1169478822031.14,4649526817903.62,48,-105,38,-121,7,771349552083.427,961017893769.831,4333426171454.44,"Carpodacus_cassinii_22720560.shp","Carpodacus_cassinii","Carpodacus cassinii","Cassin's Finch","Fringillidae","Haemorhous","cassinii","Haemorhous cassinii","Carpodacus","Carpodacus cassinii","Carpodacus_cassinii","casfin",0.829146534605091,77,-0.167000943079576,0
5880,49,-100,33,-124,27,7138055648586.99,8613007881558.9,36600049943405.6,49,-103,33,-124,25,6305498531354.02,7099329861021.16,33724153584394.6,"Pipilo_maculatus_22729113.shp","Pipilo_maculatus","Pipilo maculatus","Spotted Towhee","Emberizidae","Pipilo","maculatus","Pipilo maculatus",NA,NA,"Pipilo_maculatus","spotow",0.861508147645836,180,-0.116636400473815,-0.0111111111111111
5900,46,-105,34,-123,7,5390222308828.79,16372707965778,91102459261623.2,46,-105,38,-120,8,1647517921996.78,5049140714991.28,36161665208220.8,"Pipilo_chlorurus_22721304.shp","Pipilo_chlorurus","Pipilo chlorurus","Green-tailed Towhee","Emberizidae","Pipilo","chlorurus","Pipilo chlorurus",NA,NA,"Pipilo_chlorurus","gnttow",0.669593966830747,126,-0.694350654276677,0.00793650793650794
6291,NA,NA,NA,NA,NA,NA,NA,NA,NA,NA,NA,NA,NA,NA,NA,NA,"Vireo_cassinii_22705231.shp","Vireo_cassinii","Vireo cassinii","Cassin's Vireo","Vireonidae","Vireo","cassinii","Vireo cassinii",NA,NA,"Vireo_cassinii",NA,0.619378172272593,34,NA,NA
6450,50,-62,40,-124,38,1886458601961.14,3034864599937.78,9907083813903.96,52,-64,40,-123,33,2069150646206.25,3384255769172.07,10589873227785.3,"Vermivora_ruficapilla_22721627.shp","Vermivora_ruficapilla","Vermivora ruficapilla","Nashville Warbler","Parulidae","Oreothlypis","ruficapilla","Oreothlypis ruficapilla","Vermivora","Vermivora ruficapilla","Vermivora_ruficapilla","naswar",0.794787821013649,1596,0.0968439191059858,-0.0031328320802005
6650,49,-106,36,-123,6,611532397359.956,611532397359.956,2305919285600.71,49,-106,34,-124,7,848278357000.879,997434367157.8,4684514620836.76,"Dendroica_nigrescens_22721679.shp","Dendroica_nigrescens","Dendroica nigrescens","Black-throated Gray Warbler","Parulidae","Setophaga","nigrescens","Setophaga nigrescens","Dendroica","Dendroica nigrescens","Dendroica_nigrescens","btywar",0.616387096531192,56,0.387135596843239,0.0178571428571429
7260,48,-72,40,-123,10,919000310436.554,0.00671076774597168,4378460692016.81,48,-65,43,-123,18,552537454520.744,0.0028490424156189,4378460691664.13,"Certhia_americana_22711244.shp","Certhia_americana","Certhia americana","Brown Creeper","Certhiidae","Certhia","americana","Certhia americana",NA,NA,"Certhia_americana","brncre",0.804223409626555,792,-0.398762494151638,0.0101010101010101
7280,48,-65,40,-123,27,909776757647.473,0.013736367225647,4596461851603.33,50,-64,38,-123,59,1292445680957.44,67123676364.5835,4663585527478.64,"Sitta_canadensis_22711196.shp","Sitta_canadensis","Sitta canadensis","Red-breasted Nuthatch","Sittidae","Sitta","canadensis","Sitta canadensis",NA,NA,"Sitta_canadensis","rebnut",0.784242425991854,1156,0.420618487000571,0.027681660899654
7380,NA,NA,NA,NA,NA,NA,NA,NA,NA,NA,NA,NA,NA,NA,NA,NA,"Parus_gambeli_22711724.shp","Parus_gambeli","Parus gambeli","Mountain Chickadee","Paridae","Poecile","gambeli","Poecile gambeli","Parus","Parus gambeli","Parus_gambeli","mouchi",0.888943102204687,30,NA,NA
4680,NA,NA,NA,NA,NA,NA,NA,NA,54,-105,39,-129,9,662725662765.206,0.013762354850769,1895643832557.4,"Empidonax_hammondii_22699857.shp","Empidonax_hammondii","Empidonax hammondii","Hammond's Flycatcher","Tyrannidae","Empidonax","hammondii","Empidonax hammondii",NA,NA,"Empidonax_hammondii",NA,0.561796900351323,117,NA,NA
5140,49,-65,39,-124,25,913736698366.826,0.00937843322753906,2950252898765.07,49,-67,39,-124,10,909654244967.913,0.00317859649658203,2950252899062.85,"Coccothraustes_vespertinus_22720702.shp","Coccothraustes_vespertinus","Coccothraustes vespertinus","Evening Grosbeak","Fringillidae","Coccothraustes","vespertinus","Coccothraustes vespertinus",NA,NA,"Coccothraustes_vespertinus","evegro",0.889187878017995,541,-0.00446786629694244,-0.0277264325323475
6292,NA,NA,NA,NA,NA,NA,NA,NA,NA,NA,NA,NA,NA,NA,NA,NA,"Vireo_plumbeus_22705228.shp","Vireo_plumbeus","Vireo plumbeus","Plumbeous Vireo","Vireonidae","Vireo","plumbeus","Vireo plumbeus",NA,NA,"Vireo_plumbeus",NA,0.663256215469292,218,NA,NA
6590,NA,NA,NA,NA,NA,NA,NA,NA,50,-62,36,-97,61,799780282174.977,0.00895621255040169,2013540622843.03,"Dendroica_pensylvanica_22721664.shp","Dendroica_pensylvanica","Dendroica pensylvanica","Chestnut-sided Warbler","Parulidae","Setophaga","pensylvanica","Setophaga pensylvanica","Dendroica","Dendroica pensylvanica","Dendroica_pensylvanica","chswar",0.73222716224005,716,NA,NA
7540,47,-104,39,-112,4,103862500279.582,103862500279.582,2356868890360.55,47,-104,38,-121,5,507575399683.677,507575399683.681,5013588180708.2,"Myadestes_townsendi_22708587.shp","Myadestes_townsendi","Myadestes townsendi","Townsend's Solitaire","Turdidae","Myadestes","townsendi","Myadestes townsendi",NA,NA,"Myadestes_townsendi","towsol",0.702734815128995,185,3.88699384587665,0.00540540540540541
4021,48,-104,39,-114,6,198884420092.333,267984290360.136,4524883834510.55,48,-104,40,-121,8,277607522617.768,344221099061.899,4596148055544.6,"Sphyrapicus_nuchalis_22680871.shp","Sphyrapicus_nuchalis","Sphyrapicus nuchalis","Red-naped Sapsucker","Picidae","Sphyrapicus","nuchalis","Sphyrapicus nuchalis",NA,NA,"Sphyrapicus_nuchalis",NA,0.723714043893669,60,0.395823375651478,0.0333333333333333
7680,48,-102,34,-122,17,3886691892047.99,4062535978081.11,29270027424779.9,48,-104,34,-120,14,1560366978284.34,1579555969131.93,14045838447955.8,"Sialia_currucoides_22708556.shp","Sialia_currucoides","Sialia currucoides","Mountain Bluebird","Turdidae","Sialia","currucoides","Sialia currucoides",NA,NA,"Sialia_currucoides","moublu",0.666047375063603,177,-0.598535973104329,-0.0169491525423729
5780,40,-97,26,-105,24,1555841018207.92,1560987019205.43,12295745620218.2,40,-98,27,-106,23,1374599796415.23,1374599796415.23,10567000137357.7,"Peucaea_cassinii_22721272.shp","Peucaea_cassinii","Peucaea cassinii","Cassin's Sparrow","Emberizidae","Peucaea","cassinii","Peucaea cassinii",NA,NA,"Peucaea_cassinii","casspa",0.679035418830893,63,-0.11649083657754,-0.0158730158730159
6050,48,-99,37,-111,28,704800542183.95,728676519865.615,4098389356170.29,48,-100,37,-109,19,434705349545.787,434705349545.787,2095667168958.32,"Calamospiza_melanocorys_22721049.shp","Calamospiza_melanocorys","Calamospiza melanocorys","Lark Bunting","Emberizidae","Calamospiza","melanocorys","Calamospiza melanocorys",NA,NA,"Calamospiza_melanocorys","larbun",0.780319140305505,135,-0.383222169212901,-0.0666666666666667
5620,46,-103,40,-120,11,486805641326.314,491810024450.491,6273421193686.91,46,-104,36,-120,15,865302039484.4,870513505006.005,6652538841261.15,"Spizella_breweri_22734705.shp","Spizella_breweri","Spizella breweri","Brewer's Sparrow","Emberizidae","Spizella","breweri","Spizella breweri",NA,NA,"Spizella_breweri","brespa",0.793945862200152,115,0.777510295745265,0.0347826086956522
6410,45,-72,35,-93,25,1416622176374.3,1508372373380.5,8831078643832.7,45,-73,36,-93,26,667929558679.311,773950664926.075,4555595813775,"Vermivora_cyanoptera_22721610.shp","Vermivora_cyanoptera","Vermivora cyanoptera","Blue-winged Warbler","Parulidae","Vermivora","cyanoptera","Vermivora cyanoptera",NA,NA,"Vermivora_cyanoptera","buwwar",0.765346331449427,747,-0.528505504277217,0.00133868808567604
3880,52,-65,37,-106,100,1897815012422.96,0.0018010139465332,4865341864173.98,NA,NA,NA,NA,NA,NA,NA,NA,"Coccyzus_erythropthalmus_22684328.shp","Coccyzus_erythropthalmus","Coccyzus erythropthalmus","Black-billed Cuckoo","Cuculidae","Coccyzus","erythropthalmus","Coccyzus erythropthalmus",NA,NA,"Coccyzus_erythropthalmus",NA,0.592522479294803,371,NA,NA
5840,48,-62,39,-97,56,3541942651486.94,3908305296329.26,41394520574620.6,53,-62,40,-113,61,3823746615821.58,4717867795246.54,31008436831816.2,"Melospiza_georgiana_22721070.shp","Melospiza_georgiana","Melospiza georgiana","Swamp Sparrow","Emberizidae","Melospiza","georgiana","Melospiza georgiana",NA,NA,"Melospiza_georgiana","swaspa",0.631114926118811,728,0.0795619782879148,0.00686813186813187
6190,52,-62,36,-124,104,7907986964560.71,9108180090834.8,57463276133880.4,53,-62,35,-124,176,13974509446395.6,15714702526134.1,111104508089882,"Bombycilla_cedrorum_22708153.shp","Bombycilla_cedrorum","Bombycilla cedrorum","Cedar Waxwing","Bombycillidae","Bombycilla","cedrorum","Bombycilla cedrorum",NA,NA,"Bombycilla_cedrorum","cedwax",0.690692204908473,844,0.767138654757747,0.0853080568720379
6860,48,-62,42,-92,24,463977795184.655,0.00099915498867631,1690300771967.16,NA,NA,NA,NA,NA,NA,NA,NA,"Wilsonia_canadensis_22721882.shp","Wilsonia_canadensis","Wilsonia canadensis","Canada Warbler","Parulidae","Cardellina","canadensis","Cardellina canadensis","Wilsonia","Wilsonia canadensis","Wilsonia_canadensis","canwar",0.562007942301009,857,NA,NA
6620,48,-62,40,-93,23,453764738700.649,0.00411412119865417,1694842861244.45,48,-62,40,-93,24,346122830572.29,0.0173538327217102,1694842861500.46,"Dendroica_fusca_22721695.shp","Dendroica_fusca","Dendroica fusca","Blackburnian Warbler","Parulidae","Setophaga","fusca","Setophaga fusca","Dendroica","Dendroica fusca","Dendroica_fusca","bkbwar",0.614448758046792,799,-0.237219640372654,0.00125156445556946
5130,38,-76,27,-94,11,1324134122113.27,2482713841767.38,5494323824759.69,38,-76,27,-94,9,1321798004680.87,2489702324871.45,5519961509059.46,"Quiscalus_major_22724311.shp","Quiscalus_major","Quiscalus major","Boat-tailed Grackle","Icteridae","Quiscalus","major","Quiscalus major",NA,NA,"Quiscalus_major","botgra",0.859575990116417,33,-0.00176426042753893,-0.0606060606060606
7020,NA,NA,NA,NA,NA,NA,NA,NA,NA,NA,NA,NA,NA,NA,NA,NA,"Oreoscoptes_montanus_22711096.shp","Oreoscoptes_montanus","Oreoscoptes montanus","Sage Thrasher","Mimidae","Oreoscoptes","montanus","Oreoscoptes montanus",NA,NA,"Oreoscoptes_montanus","sagthr",0.814488740326438,150,NA,NA
6580,45,-79,36,-92,16,587153710828.112,203217793299.805,1018131784011.06,43,-75,36,-90,5,230501223464.199,0.00386857986450195,814913995846.749,"Dendroica_cerulea_22721740.shp","Dendroica_cerulea","Dendroica cerulea","Cerulean Warbler","Parulidae","Setophaga","cerulea","Setophaga cerulea","Dendroica","Dendroica cerulea","Dendroica_cerulea","cerwar",0.52440457052515,192,-0.607426097777524,-0.0572916666666667
3100,41,-92,27,-100,8,598343722270.296,28397105635.4109,13082184577746.7,49,-70,27,-124,128,8937608943982.73,1039274786255.63,14093070833847.5,"Meleagris_gallopavo_22679525.shp","Meleagris_gallopavo","Meleagris gallopavo","Wild Turkey","Phasianidae","Meleagris","gallopavo","Meleagris gallopavo",NA,NA,"Meleagris_gallopavo",NA,0.894580064985272,588,13.9372486270446,0.204081632653061
4020,NA,NA,NA,NA,NA,NA,NA,NA,NA,NA,NA,NA,NA,NA,NA,NA,"Sphyrapicus_varius_22680868.shp","Sphyrapicus_varius","Sphyrapicus varius","Yellow-bellied Sapsucker","Picidae","Sphyrapicus","varius","Sphyrapicus varius",NA,NA,"Sphyrapicus_varius",NA,0.574443459086622,772,NA,NA
7222,NA,NA,NA,NA,NA,NA,NA,NA,NA,NA,NA,NA,NA,NA,NA,NA,"Troglodytes_hiemalis_22714246.shp","Troglodytes_hiemalis","Troglodytes hiemalis","Winter Wren","Troglodytidae","Troglodytes","hiemalis","Troglodytes hiemalis",NA,NA,"Troglodytes_hiemalis","winwre3",0.813030535670219,1023,NA,NA
6570,48,-62,40,-91,24,1582291437000.48,2019226034831.4,10261066769860.7,48,-62,44,-93,27,830734067636.354,1017870002186.84,8760113399503.8,"Dendroica_magnolia_22721667.shp","Dendroica_magnolia","Dendroica magnolia","Magnolia Warbler","Parulidae","Setophaga","magnolia","Setophaga magnolia","Dendroica","Dendroica magnolia","Dendroica_magnolia","magwar",0.654048550787024,1349,-0.474980368211331,0.0022238695329874
5450,50,-99,47,-106,6,71367668860.99,71367668860.99,897280096298.623,NA,NA,NA,NA,NA,NA,NA,NA,"Ammodramus_bairdii_22721141.shp","Ammodramus_bairdii","Ammodramus bairdii","Baird's Sparrow","Emberizidae","Ammodramus","bairdii","Ammodramus bairdii",NA,NA,"Ammodramus_bairdii","baispa",0.839828680719202,39,NA,NA
5470,NA,NA,NA,NA,NA,NA,NA,NA,NA,NA,NA,NA,NA,NA,NA,NA,"Ammodramus_henslowii_22721138.shp","Ammodramus_henslowii","Ammodramus henslowii","Henslow's Sparrow","Emberizidae","Ammodramus","henslowii","Ammodramus henslowii",NA,NA,"Ammodramus_henslowii","henspa",0.990276817115517,178,NA,NA
6420,47,-76,35,-93,14,687047675952.396,0.00079345703125,1394730293962.68,NA,NA,NA,NA,NA,NA,NA,NA,"Vermivora_chrysoptera_22721618.shp","Vermivora_chrysoptera","Vermivora chrysoptera","Golden-winged Warbler","Parulidae","Vermivora","chrysoptera","Vermivora chrysoptera",NA,NA,"Vermivora_chrysoptera","gowwar",0.691819270182911,515,NA,NA
4630,48,-62,45,-93,7,361042422720.382,0.0091530536301434,2134411917694.96,NA,NA,NA,NA,NA,NA,NA,NA,"Empidonax_flaviventris_22699839.shp","Empidonax_flaviventris","Empidonax flaviventris","Yellow-bellied Flycatcher","Tyrannidae","Empidonax","flaviventris","Empidonax flaviventris",NA,NA,"Empidonax_flaviventris",NA,0.529972788749994,735,NA,NA
6290,48,-62,36,-93,22,742981553497.632,1060687240835.56,5422374340443.1,48,-62,36,-93,39,1919349854275.77,2844063693473,12146393294758.7,"Vireo_solitarius_22705234.shp","Vireo_solitarius","Vireo solitarius","Blue-headed Vireo","Vireonidae","Vireo","solitarius","Vireo solitarius",NA,NA,"Vireo_solitarius",NA,0.744866920000639,956,1.58330754678943,0.0177824267782427
6540,48,-62,36,-91,15,2043441747434.15,3008548523975.51,9413250121761.05,48,-65,36,-91,20,1712752837928.71,2626505859901.9,8928499942306.78,"Dendroica_caerulescens_22721673.shp","Dendroica_caerulescens","Dendroica caerulescens","Black-throated Blue Warbler","Parulidae","Setophaga","caerulescens","Setophaga caerulescens","Dendroica","Dendroica caerulescens","Dendroica_caerulescens","btbwar",0.860228347300368,963,-0.161829379242481,0.00519210799584631
4910,NA,NA,NA,NA,NA,NA,NA,NA,NA,NA,NA,NA,NA,NA,NA,NA,"Nucifraga_columbiana_22705909.shp","Nucifraga_columbiana","Nucifraga columbiana","Clark's Nutcracker","Corvidae","Nucifraga","columbiana","Nucifraga columbiana",NA,NA,"Nucifraga_columbiana",NA,0.992113713091499,58,NA,NA
5380,48,-99,43,-106,11,957022669284.432,5910122242847.56,70205869667503.4,48,-99,44,-104,6,75698646806.2092,454191880837.255,7519995173481.91,"Calcarius_ornatus_22721040.shp","Calcarius_ornatus","Calcarius ornatus","Chestnut-collared Longspur","Calcariidae","Calcarius","ornatus","Calcarius ornatus",NA,NA,"Calcarius_ornatus","chclon",0.886006213454849,400,-0.920901929248124,-0.0125
5540,49,-111,43,-124,10,583670502503.966,974085740174.218,14723534240071.7,49,-107,38,-124,13,1843772721245.22,2613358497451.61,10636839061639.7,"Zonotrichia_leucophrys_22721088.shp","Zonotrichia_leucophrys","Zonotrichia leucophrys","White-crowned Sparrow","Emberizidae","Zonotrichia","leucophrys","Zonotrichia leucophrys",NA,NA,"Zonotrichia_leucophrys","whcspa",0.5335750008521,1089,2.15892736284491,0.00275482093663912
4920,NA,NA,NA,NA,NA,NA,NA,NA,NA,NA,NA,NA,NA,NA,NA,NA,"Gymnorhinus_cyanocephalus_22705608.shp","Gymnorhinus_cyanocephalus","Gymnorhinus cyanocephalus","Pinyon Jay","Corvidae","Gymnorhinus","cyanocephalus","Gymnorhinus cyanocephalus",NA,NA,"Gymnorhinus_cyanocephalus",NA,0.995529478612458,16,NA,NA
6600,48,-62,45,-71,7,531434535525.915,1100711266782.57,16981139934128.2,47,-62,46,-67,5,20085987536.8609,40171975073.7225,6191256796800.97,"Dendroica_castanea_22721734.shp","Dendroica_castanea","Dendroica castanea","Bay-breasted Warbler","Parulidae","Setophaga","castanea","Setophaga castanea","Dendroica","Dendroica castanea","Dendroica_castanea","babwar",0.668313538949145,1941,-0.962204211066216,-0.00103039670273055
6500,48,-65,44,-89,7,702958241987.436,1116665999476.35,6517011153627.83,48,-62,46,-91,5,213047238265.148,213047238265.148,2498843417779.06,"Dendroica_tigrina_22721670.shp","Dendroica_tigrina","Dendroica tigrina","Cape May Warbler","Parulidae","Setophaga","tigrina","Setophaga tigrina","Dendroica","Dendroica tigrina","Dendroica_tigrina","camwar",0.644891472481999,1081,-0.696927604600224,-0.00185013876040703
5090,48,-62,45,-71,4,133087436318.27,0.000729689374566078,1456048927793.89,NA,NA,NA,NA,NA,NA,NA,NA,"Euphagus_carolinus_22724329.shp","Euphagus_carolinus","Euphagus carolinus","Rusty Blackbird","Icteridae","Euphagus","carolinus","Euphagus carolinus",NA,NA,"Euphagus_carolinus","rusbla",0.525149604533012,451,NA,NA
5800,NA,NA,NA,NA,NA,NA,NA,NA,NA,NA,NA,NA,NA,NA,NA,NA,"Aimophila_ruficeps_22721288.shp","Aimophila_ruficeps","Aimophila ruficeps","Rufous-crowned Sparrow","Emberizidae","Aimophila","ruficeps","Aimophila ruficeps",NA,NA,"Aimophila_ruficeps","rucspa",0.514670710346822,18,NA,NA
7320,NA,NA,NA,NA,NA,NA,NA,NA,NA,NA,NA,NA,NA,NA,NA,NA,"Baeolophus_atricristatus_22711989.shp","Baeolophus_atricristatus","Baeolophus atricristatus","Black-crested Titmouse","Paridae","Baeolophus","atricristatus","Baeolophus atricristatus",NA,NA,"Baeolophus_atricristatus","blctit4",0.61064109710238,15,NA,NA
